fish_id,group,dpf,session_minutes,n_scored_events,n_abnormal_events,n_severe_events,n_whirlpool_events,n_convulsion_events,event_seconds,manual_pts_stage_observed,dlc_mean_speed_mm_s,dlc_max_speed_mm_s,dlc_mean_tail_bend_deg,dlc_max_tail_bend_deg,dlc_mean_keypoint_likelihood,dlc_tracking_qc_pass,dlc_abnormal_event_rate_per_min,dlc_severe_event_rate_per_min,dlc_whirlpool_rate_per_min,dlc_convulsion_rate_per_min,dlc_rest_fraction,dlc_behavior_abnormality_index
LZTBI-0001,sham,4,5.0,0.0,0.0,0.0,0.0,0.0,0.0,0.0,,,,,,True,0.0,0.0,0.0,0.0,1.0,0.0
LZTBI-0001,sham,5,5.0,0.0,0.0,0.0,0.0,0.0,0.0,0.0,,,,,,True,0.0,0.0,0.0,0.0,1.0,0.0
LZTBI-0001,sham,6,5.0,1.0,1.0,0.0,0.0,0.0,2.088,1.0,31.76,51.77,33.33,71.94,0.9789,True,0.2,0.0,0.0,0.0,0.99304,0.166667
LZTBI-0002,tbi_moderate,4,5.0,0.0,0.0,0.0,0.0,0.0,0.0,0.0,,,,,,True,0.0,0.0,0.0,0.0,1.0,0.0
LZTBI-0002,tbi_moderate,5,5.0,0.0,0.0,0.0,0.0,0.0,0.0,0.0,,,,,,True,0.0,0.0,0.0,0.0,1.0,0.0
LZTBI-0002,tbi_moderate,6,5.0,2.0,0.0,0.0,0.0,0.0,1.2000000000000002,0.0,13.545,30.29,26.975,63.69,0.9596,True,0.0,0.0,0.0,0.0,0.996,0.0
LZTBI-0003,tbi_high,4,5.0,0.0,0.0,0.0,0.0,0.0,0.0,0.0,,,,,,True,0.0,0.0,0.0,0.0,1.0,0.0
LZTBI-0003,tbi_high,5,5.0,2.0,2.0,2.0,1.0,1.0,11.232,3.0,48.97,106.4,68.005,166.1,0.9618,True,0.4,0.4,0.2,0.2,0.96256,1.2
LZTBI-0003,tbi_high,6,5.0,5.0,3.0,3.0,0.0,3.0,15.006,3.0,29.089999999999996,110.9,57.260000000000005,164.69,0.9585000000000001,True,0.6,0.6,0.0,0.6,0.94998,1.7
LZTBI-0004,tbi_moderate,4,5.0,1.0,1.0,0.0,0.0,0.0,1.2,1.0,28.98,60.13,28.01,51.47,0.9519,True,0.2,0.0,0.0,0.0,0.996,0.166667
LZTBI-0005,tbi_low,4,5.0,0.0,0.0,0.0,0.0,0.0,0.0,0.0,,,,,,True,0.0,0.0,0.0,0.0,1.0,0.0
LZTBI-0005,tbi_low,5,5.0,0.0,0.0,0.0,0.0,0.0,0.0,0.0,,,,,,True,0.0,0.0,0.0,0.0,1.0,0.0
LZTBI-0005,tbi_low,6,5.0,0.0,0.0,0.0,0.0,0.0,0.0,0.0,,,,,,True,0.0,0.0,0.0,0.0,1.0,0.0
LZTBI-0006,sham,4,5.0,0.0,0.0,0.0,0.0,0.0,0.0,0.0,,,,,,True,0.0,0.0,0.0,0.0,1.0,0.0
LZTBI-0006,sham,5,5.0,0.0,0.0,0.0,0.0,0.0,0.0,0.0,,,,,,True,0.0,0.0,0.0,0.0,1.0,0.0
LZTBI-0006,sham,6,5.0,0.0,0.0,0.0,0.0,0.0,0.0,0.0,,,,,,True,0.0,0.0,0.0,0.0,1.0,0.0
LZTBI-0007,tbi_moderate,4,5.0,1.0,0.0,0.0,0.0,0.0,0.731,0.0,14.82,26.95,21.48,35.83,0.9802,True,0.0,0.0,0.0,0.0,0.9975633333333334,0.0
LZTBI-0007,tbi_moderate,5,5.0,1.0,0.0,0.0,0.0,0.0,0.906,0.0,7.19,13.63,22.46,62.5,0.9475,True,0.0,0.0,0.0,0.0,0.99698,0.0
LZTBI-0007,tbi_moderate,6,5.0,0.0,0.0,0.0,0.0,0.0,0.0,0.0,,,,,,True,0.0,0.0,0.0,0.0,1.0,0.0
LZTBI-0008,tbi_low,4,5.0,1.0,1.0,0.0,0.0,0.0,2.244,1.0,19.76,28.0,39.27,49.36,0.9518,True,0.2,0.0,0.0,0.0,0.99252,0.166667
LZTBI-0008,tbi_low,5,5.0,0.0,0.0,0.0,0.0,0.0,0.0,0.0,,,,,,True,0.0,0.0,0.0,0.0,1.0,0.0
LZTBI-0008,tbi_low,6,5.0,0.0,0.0,0.0,0.0,0.0,0.0,0.0,,,,,,True,0.0,0.0,0.0,0.0,1.0,0.0
LZTBI-0009,tbi_high,4,5.0,0.0,0.0,0.0,0.0,0.0,0.0,0.0,,,,,,True,0.0,0.0,0.0,0.0,1.0,0.0
LZTBI-0009,tbi_high,5,5.0,1.0,0.0,0.0,0.0,0.0,0.625,0.0,10.95,25.73,13.8,64.72,0.9829,True,0.0,0.0,0.0,0.0,0.9979166666666667,0.0
LZTBI-0009,tbi_high,6,5.0,2.0,2.0,1.0,0.0,1.0,10.157,3.0,32.41,94.66,60.66,148.73,0.9571000000000001,True,0.4,0.2,0.0,0.2,0.9661433333333334,0.8
LZTBI-0010,sham,4,5.0,0.0,0.0,0.0,0.0,0.0,0.0,0.0,,,,,,True,0.0,0.0,0.0,0.0,1.0,0.0
LZTBI-0010,sham,5,5.0,1.0,0.0,0.0,0.0,0.0,0.681,0.0,12.15,24.23,19.38,46.36,0.979,True,0.0,0.0,0.0,0.0,0.99773,0.0
LZTBI-0010,sham,6,5.0,0.0,0.0,0.0,0.0,0.0,0.0,0.0,,,,,,True,0.0,0.0,0.0,0.0,1.0,0.0
LZTBI-0011,tbi_high,4,5.0,4.0,4.0,4.0,0.0,4.0,18.481,3.0,38.0675,115.14,76.965,169.51,0.9697,True,0.8,0.8,0.0,0.8,0.9383966666666667,2.2
LZTBI-0011,tbi_high,5,5.0,0.0,0.0,0.0,0.0,0.0,0.0,0.0,,,,,,True,0.0,0.0,0.0,0.0,1.0,0.0
LZTBI-0011,tbi_high,6,5.0,3.0,3.0,3.0,2.0,1.0,11.405999999999999,3.0,37.77,109.89,78.96333333333332,152.23,0.9613666666666667,True,0.6,0.6,0.4,0.2,0.9619800000000001,1.7
LZTBI-0012,sham,4,5.0,1.0,0.0,0.0,0.0,0.0,0.737,0.0,10.51,21.71,26.17,40.13,0.9499,True,0.0,0.0,0.0,0.0,0.9975433333333333,0.0
LZTBI-0012,sham,5,5.0,1.0,0.0,0.0,0.0,0.0,0.744,0.0,15.94,34.15,27.16,66.8,0.9562,True,0.0,0.0,0.0,0.0,0.99752,0.0
LZTBI-0012,sham,6,5.0,0.0,0.0,0.0,0.0,0.0,0.0,0.0,,,,,,True,0.0,0.0,0.0,0.0,1.0,0.0
LZTBI-0013,sham,4,5.0,0.0,0.0,0.0,0.0,0.0,0.0,0.0,,,,,,True,0.0,0.0,0.0,0.0,1.0,0.0
LZTBI-0013,sham,5,5.0,2.0,1.0,0.0,0.0,0.0,2.469,1.0,17.21,43.76,37.92,91.38,0.9512,True,0.2,0.0,0.0,0.0,0.99177,0.166667
LZTBI-0013,sham,6,5.0,1.0,1.0,0.0,0.0,0.0,2.813,1.0,29.94,50.66,19.11,59.5,0.9757,True,0.2,0.0,0.0,0.0,0.9906233333333333,0.166667
LZTBI-0014,tbi_moderate,4,5.0,0.0,0.0,0.0,0.0,0.0,0.0,0.0,,,,,,True,0.0,0.0,0.0,0.0,1.0,0.0
LZTBI-0014,tbi_moderate,5,5.0,4.0,3.0,3.0,1.0,2.0,16.262999999999998,3.0,26.97,90.84,53.455,162.59,0.970325,True,0.6,0.6,0.2,0.4,0.94579,1.7
LZTBI-0014,tbi_moderate,6,5.0,4.0,2.0,0.0,0.0,0.0,6.189,1.0,21.99,70.29,27.8675,95.39,0.97195,True,0.4,0.0,0.0,0.0,0.97937,0.266667
LZTBI-0015,tbi_moderate,4,5.0,0.0,0.0,0.0,0.0,0.0,0.0,0.0,,,,,,True,0.0,0.0,0.0,0.0,1.0,0.0
LZTBI-0015,tbi_moderate,5,5.0,3.0,2.0,1.0,0.0,1.0,10.482000000000001,3.0,22.426666666666666,104.28,35.79666666666667,124.44,0.9574333333333334,True,0.4,0.2,0.0,0.2,0.96506,0.8
LZTBI-0015,tbi_moderate,6,5.0,1.0,0.0,0.0,0.0,0.0,0.6,0.0,3.72,7.0,25.0,59.7,0.9696,True,0.0,0.0,0.0,0.0,0.998,0.0
LZTBI-0016,tbi_moderate,4,5.0,4.0,3.0,2.0,2.0,0.0,11.97,2.0,27.9125,63.47,47.8775,101.86,0.968575,True,0.6,0.4,0.4,0.0,0.9601,1.233333
LZTBI-0016,tbi_moderate,5,5.0,3.0,3.0,2.0,2.0,0.0,14.594999999999999,2.0,54.53666666666667,103.52,48.02,112.99,0.9613999999999999,True,0.6,0.4,0.4,0.0,0.95135,1.233333
LZTBI-0016,tbi_moderate,6,5.0,2.0,2.0,2.0,2.0,0.0,13.975000000000001,2.0,40.06999999999999,70.2,72.38,136.22,0.9673,True,0.4,0.4,0.4,0.0,0.9534166666666667,1.133333
LZTBI-0017,tbi_high,4,5.0,6.0,6.0,4.0,2.0,2.0,27.557000000000002,3.0,40.095,115.9,53.665,148.78,0.9665666666666667,True,1.2,0.8,0.4,0.4,0.9081433333333333,2.4
LZTBI-0017,tbi_high,5,5.0,1.0,1.0,0.0,0.0,0.0,2.881,1.0,30.97,67.46,50.91,107.14,0.9509,True,0.2,0.0,0.0,0.0,0.9903966666666667,0.166667
LZTBI-0017,tbi_high,6,5.0,6.0,5.0,4.0,2.0,2.0,25.144,3.0,34.43,109.14,64.88333333333334,176.33,0.9619,True,1.0,0.8,0.4,0.4,0.9161866666666667,2.3
LZTBI-0018,tbi_moderate,4,5.0,0.0,0.0,0.0,0.0,0.0,0.0,0.0,,,,,,True,0.0,0.0,0.0,0.0,1.0,0.0
LZTBI-0018,tbi_moderate,5,5.0,0.0,0.0,0.0,0.0,0.0,0.0,0.0,,,,,,True,0.0,0.0,0.0,0.0,1.0,0.0
LZTBI-0019,tbi_low,4,5.0,0.0,0.0,0.0,0.0,0.0,0.0,0.0,,,,,,True,0.0,0.0,0.0,0.0,1.0,0.0
LZTBI-0019,tbi_low,5,5.0,2.0,0.0,0.0,0.0,0.0,0.981,0.0,6.300000000000001,19.11,23.55,67.36,0.9586,True,0.0,0.0,0.0,0.0,0.99673,0.0
LZTBI-0019,tbi_low,6,5.0,1.0,0.0,0.0,0.0,0.0,0.494,0.0,11.89,25.06,26.15,48.96,0.9752,True,0.0,0.0,0.0,0.0,0.9983533333333333,0.0
LZTBI-0020,tbi_high,4,5.0,2.0,1.0,0.0,0.0,0.0,2.45,1.0,13.815,36.85,33.355,110.74,0.9629,True,0.2,0.0,0.0,0.0,0.9918333333333333,0.166667
LZTBI-0020,tbi_high,5,5.0,0.0,0.0,0.0,0.0,0.0,0.0,0.0,,,,,,True,0.0,0.0,0.0,0.0,1.0,0.0
LZTBI-0020,tbi_high,6,5.0,0.0,0.0,0.0,0.0,0.0,0.0,0.0,,,,,,True,0.0,0.0,0.0,0.0,1.0,0.0
LZTBI-0021,tbi_low,4,5.0,0.0,0.0,0.0,0.0,0.0,0.0,0.0,,,,,,True,0.0,0.0,0.0,0.0,1.0,0.0
LZTBI-0021,tbi_low,5,5.0,1.0,0.0,0.0,0.0,0.0,0.306,0.0,11.98,31.47,8.77,29.1,0.9495,True,0.0,0.0,0.0,0.0,0.99898,0.0
LZTBI-0022,tbi_low,4,5.0,0.0,0.0,0.0,0.0,0.0,0.0,0.0,,,,,,True,0.0,0.0,0.0,0.0,1.0,0.0
LZTBI-0022,tbi_low,5,5.0,2.0,2.0,0.0,0.0,0.0,3.7250000000000005,1.0,42.715,79.5,49.63,109.47,0.9716,True,0.4,0.0,0.0,0.0,0.9875833333333334,0.266667
LZTBI-0022,tbi_low,6,5.0,0.0,0.0,0.0,0.0,0.0,0.0,0.0,,,,,,True,0.0,0.0,0.0,0.0,1.0,0.0
LZTBI-0023,tbi_moderate,4,5.0,1.0,1.0,1.0,1.0,0.0,6.519,2.0,56.01,77.91,73.13,83.36,0.9712,False,0.2,0.2,0.2,0.0,0.97827,0.633333
LZTBI-0023,tbi_moderate,5,5.0,1.0,0.0,0.0,0.0,0.0,0.681,0.0,13.42,28.04,10.27,41.07,0.9721,True,0.0,0.0,0.0,0.0,0.99773,0.0
LZTBI-0023,tbi_moderate,6,5.0,0.0,0.0,0.0,0.0,0.0,0.0,0.0,,,,,,True,0.0,0.0,0.0,0.0,1.0,0.0
LZTBI-0024,tbi_high,4,5.0,1.0,0.0,0.0,0.0,0.0,0.825,0.0,6.69,11.26,20.88,67.59,0.9612,True,0.0,0.0,0.0,0.0,0.99725,0.0
LZTBI-0024,tbi_high,5,5.0,0.0,0.0,0.0,0.0,0.0,0.0,0.0,,,,,,True,0.0,0.0,0.0,0.0,1.0,0.0
LZTBI-0024,tbi_high,6,5.0,3.0,3.0,3.0,0.0,3.0,14.619,3.0,34.24666666666666,118.7,85.42999999999999,158.87,0.9618333333333333,True,0.6,0.6,0.0,0.6,0.95127,1.7
LZTBI-0025,tbi_moderate,4,5.0,0.0,0.0,0.0,0.0,0.0,0.0,0.0,,,,,,True,0.0,0.0,0.0,0.0,1.0,0.0
LZTBI-0025,tbi_moderate,5,5.0,0.0,0.0,0.0,0.0,0.0,0.0,0.0,,,,,,True,0.0,0.0,0.0,0.0,1.0,0.0
LZTBI-0025,tbi_moderate,6,5.0,5.0,4.0,1.0,0.0,1.0,13.494,3.0,23.956,105.18,42.268,168.27,0.95712,True,0.8,0.2,0.0,0.2,0.95502,1.0
LZTBI-0026,tbi_moderate,4,5.0,1.0,0.0,0.0,0.0,0.0,0.275,0.0,15.83,44.15,22.33,25.39,0.9651,True,0.0,0.0,0.0,0.0,0.9990833333333333,0.0
LZTBI-0026,tbi_moderate,5,5.0,0.0,0.0,0.0,0.0,0.0,0.0,0.0,,,,,,True,0.0,0.0,0.0,0.0,1.0,0.0
LZTBI-0027,tbi_high,4,5.0,0.0,0.0,0.0,0.0,0.0,0.0,0.0,,,,,,True,0.0,0.0,0.0,0.0,1.0,0.0
LZTBI-0027,tbi_high,5,5.0,1.0,1.0,1.0,0.0,1.0,3.563,3.0,48.09,97.41,68.7,132.54,0.9581,True,0.2,0.2,0.0,0.2,0.9881233333333334,0.7
LZTBI-0027,tbi_high,6,5.0,6.0,4.0,3.0,0.0,3.0,19.226,3.0,23.956666666666667,111.25,41.4,152.27,0.96285,True,0.8,0.6,0.0,0.6,0.9359133333333334,1.8
LZTBI-0028,tbi_low,4,5.0,0.0,0.0,0.0,0.0,0.0,0.0,0.0,,,,,,True,0.0,0.0,0.0,0.0,1.0,0.0
LZTBI-0028,tbi_low,5,5.0,2.0,0.0,0.0,0.0,0.0,0.988,0.0,8.12,24.89,24.259999999999998,65.9,0.9551499999999999,True,0.0,0.0,0.0,0.0,0.9967066666666666,0.0
LZTBI-0028,tbi_low,6,5.0,1.0,1.0,1.0,1.0,0.0,1.512,2.0,25.0,52.0,41.67,98.68,0.9619,False,0.2,0.2,0.2,0.0,0.99496,0.633333
LZTBI-0029,tbi_low,4,5.0,1.0,1.0,0.0,0.0,0.0,1.619,1.0,28.48,41.13,43.8,71.45,0.9795,True,0.2,0.0,0.0,0.0,0.9946033333333333,0.166667
LZTBI-0029,tbi_low,5,5.0,0.0,0.0,0.0,0.0,0.0,0.0,0.0,,,,,,True,0.0,0.0,0.0,0.0,1.0,0.0
LZTBI-0029,tbi_low,6,5.0,0.0,0.0,0.0,0.0,0.0,0.0,0.0,,,,,,True,0.0,0.0,0.0,0.0,1.0,0.0
LZTBI-0030,sham,4,5.0,1.0,0.0,0.0,0.0,0.0,0.481,0.0,4.07,10.87,15.27,28.02,0.9581,True,0.0,0.0,0.0,0.0,0.9983966666666667,0.0
LZTBI-0030,sham,5,5.0,0.0,0.0,0.0,0.0,0.0,0.0,0.0,,,,,,True,0.0,0.0,0.0,0.0,1.0,0.0
LZTBI-0030,sham,6,5.0,0.0,0.0,0.0,0.0,0.0,0.0,0.0,,,,,,True,0.0,0.0,0.0,0.0,1.0,0.0
LZTBI-0031,tbi_moderate,4,5.0,0.0,0.0,0.0,0.0,0.0,0.0,0.0,,,,,,True,0.0,0.0,0.0,0.0,1.0,0.0
LZTBI-0031,tbi_moderate,5,5.0,1.0,1.0,0.0,0.0,0.0,0.775,1.0,13.39,28.0,21.12,71.2,0.963,True,0.2,0.0,0.0,0.0,0.9974166666666666,0.166667
LZTBI-0032,sham,4,5.0,0.0,0.0,0.0,0.0,0.0,0.0,0.0,,,,,,True,0.0,0.0,0.0,0.0,1.0,0.0
LZTBI-0032,sham,5,5.0,0.0,0.0,0.0,0.0,0.0,0.0,0.0,,,,,,True,0.0,0.0,0.0,0.0,1.0,0.0
LZTBI-0032,sham,6,5.0,1.0,0.0,0.0,0.0,0.0,0.362,0.0,10.05,23.03,14.65,73.31,0.9773,True,0.0,0.0,0.0,0.0,0.9987933333333333,0.0
LZTBI-0033,tbi_moderate,4,5.0,0.0,0.0,0.0,0.0,0.0,0.0,0.0,,,,,,True,0.0,0.0,0.0,0.0,1.0,0.0
LZTBI-0033,tbi_moderate,5,5.0,2.0,2.0,1.0,1.0,0.0,7.05,2.0,24.665,52.0,48.265,101.2,0.95855,False,0.4,0.2,0.2,0.0,0.9765,0.733333
LZTBI-0033,tbi_moderate,6,5.0,1.0,1.0,0.0,0.0,0.0,0.837,1.0,35.68,54.3,49.13,100.69,0.9725,True,0.2,0.0,0.0,0.0,0.99721,0.166667
LZTBI-0034,tbi_moderate,4,5.0,0.0,0.0,0.0,0.0,0.0,0.0,0.0,,,,,,True,0.0,0.0,0.0,0.0,1.0,0.0
LZTBI-0034,tbi_moderate,5,5.0,1.0,0.0,0.0,0.0,0.0,0.456,0.0,5.79,8.78,23.36,47.95,0.9804,True,0.0,0.0,0.0,0.0,0.99848,0.0
LZTBI-0034,tbi_moderate,6,5.0,2.0,2.0,0.0,0.0,0.0,2.481,1.0,30.05,83.97,39.905,79.89,0.9681,True,0.4,0.0,0.0,0.0,0.99173,0.266667
LZTBI-0035,sham,4,5.0,1.0,1.0,0.0,0.0,0.0,1.25,1.0,21.41,37.74,54.8,113.28,0.9536,True,0.2,0.0,0.0,0.0,0.9958333333333333,0.166667
LZTBI-0035,sham,5,5.0,0.0,0.0,0.0,0.0,0.0,0.0,0.0,,,,,,True,0.0,0.0,0.0,0.0,1.0,0.0
LZTBI-0035,sham,6,5.0,0.0,0.0,0.0,0.0,0.0,0.0,0.0,,,,,,True,0.0,0.0,0.0,0.0,1.0,0.0
LZTBI-0036,sham,4,5.0,0.0,0.0,0.0,0.0,0.0,0.0,0.0,,,,,,True,0.0,0.0,0.0,0.0,1.0,0.0
LZTBI-0036,sham,5,5.0,0.0,0.0,0.0,0.0,0.0,0.0,0.0,,,,,,True,0.0,0.0,0.0,0.0,1.0,0.0
LZTBI-0036,sham,6,5.0,2.0,1.0,0.0,0.0,0.0,2.7809999999999997,1.0,21.575,63.77,35.805,98.66,0.95895,True,0.2,0.0,0.0,0.0,0.99073,0.166667
LZTBI-0037,tbi_low,4,5.0,1.0,0.0,0.0,0.0,0.0,0.338,0.0,2.0,7.0,19.19,40.24,0.9479,True,0.0,0.0,0.0,0.0,0.9988733333333333,0.0
LZTBI-0037,tbi_low,5,5.0,1.0,0.0,0.0,0.0,0.0,0.419,0.0,10.09,15.99,18.21,75.57,0.9806,True,0.0,0.0,0.0,0.0,0.9986033333333333,0.0
LZTBI-0037,tbi_low,6,5.0,0.0,0.0,0.0,0.0,0.0,0.0,0.0,,,,,,True,0.0,0.0,0.0,0.0,1.0,0.0
LZTBI-0038,tbi_low,4,5.0,0.0,0.0,0.0,0.0,0.0,0.0,0.0,,,,,,True,0.0,0.0,0.0,0.0,1.0,0.0
LZTBI-0038,tbi_low,5,5.0,0.0,0.0,0.0,0.0,0.0,0.0,0.0,,,,,,True,0.0,0.0,0.0,0.0,1.0,0.0
LZTBI-0038,tbi_low,6,5.0,1.0,0.0,0.0,0.0,0.0,0.381,0.0,4.07,7.0,31.58,71.22,0.9837,True,0.0,0.0,0.0,0.0,0.99873,0.0
LZTBI-0039,sham,4,5.0,1.0,0.0,0.0,0.0,0.0,0.5,0.0,9.91,26.12,29.93,80.01,0.9695,True,0.0,0.0,0.0,0.0,0.9983333333333333,0.0
LZTBI-0039,sham,5,5.0,1.0,0.0,0.0,0.0,0.0,0.469,0.0,4.82,12.34,28.94,53.34,0.9632,True,0.0,0.0,0.0,0.0,0.9984366666666666,0.0
LZTBI-0039,sham,6,5.0,0.0,0.0,0.0,0.0,0.0,0.0,0.0,,,,,,True,0.0,0.0,0.0,0.0,1.0,0.0
LZTBI-0040,tbi_low,4,5.0,0.0,0.0,0.0,0.0,0.0,0.0,0.0,,,,,,True,0.0,0.0,0.0,0.0,1.0,0.0
LZTBI-0040,tbi_low,5,5.0,0.0,0.0,0.0,0.0,0.0,0.0,0.0,,,,,,True,0.0,0.0,0.0,0.0,1.0,0.0
LZTBI-0040,tbi_low,6,5.0,1.0,0.0,0.0,0.0,0.0,0.231,0.0,11.59,30.26,27.98,49.7,0.9662,True,0.0,0.0,0.0,0.0,0.99923,0.0
LZTBI-0041,tbi_high,4,5.0,2.0,1.0,1.0,0.0,1.0,2.887,3.0,20.66,104.06,32.620000000000005,172.24,0.96905,True,0.2,0.2,0.0,0.2,0.9903766666666667,0.7
LZTBI-0041,tbi_high,5,5.0,2.0,1.0,1.0,1.0,0.0,6.9430000000000005,2.0,32.66,95.26,34.815,94.68,0.9658500000000001,True,0.2,0.2,0.2,0.0,0.9768566666666667,0.633333
LZTBI-0041,tbi_high,6,5.0,1.0,1.0,1.0,0.0,1.0,6.238,3.0,54.44,89.61,102.23,124.99,0.9741,True,0.2,0.2,0.0,0.2,0.9792066666666667,0.7
LZTBI-0042,tbi_high,4,5.0,3.0,3.0,3.0,2.0,1.0,13.556000000000001,3.0,57.75666666666667,106.78,61.776666666666664,140.72,0.9682333333333334,True,0.6,0.6,0.4,0.2,0.9548133333333333,1.7
LZTBI-0042,tbi_high,5,5.0,1.0,0.0,0.0,0.0,0.0,0.525,0.0,7.63,14.86,9.11,52.72,0.9806,True,0.0,0.0,0.0,0.0,0.99825,0.0
LZTBI-0042,tbi_high,6,5.0,3.0,1.0,1.0,0.0,1.0,8.024000000000001,3.0,20.2,113.03,46.696666666666665,140.12,0.9685,True,0.2,0.2,0.0,0.2,0.9732533333333333,0.7
LZTBI-0043,tbi_high,4,5.0,1.0,0.0,0.0,0.0,0.0,0.394,0.0,4.64,7.78,23.64,36.73,0.9804,True,0.0,0.0,0.0,0.0,0.9986866666666666,0.0
LZTBI-0043,tbi_high,5,5.0,2.0,0.0,0.0,0.0,0.0,0.956,0.0,11.145,38.9,22.455,61.8,0.9645,True,0.0,0.0,0.0,0.0,0.9968133333333333,0.0
LZTBI-0043,tbi_high,6,5.0,0.0,0.0,0.0,0.0,0.0,0.0,0.0,,,,,,True,0.0,0.0,0.0,0.0,1.0,0.0
LZTBI-0044,tbi_low,4,5.0,0.0,0.0,0.0,0.0,0.0,0.0,0.0,,,,,,True,0.0,0.0,0.0,0.0,1.0,0.0
LZTBI-0044,tbi_low,5,5.0,0.0,0.0,0.0,0.0,0.0,0.0,0.0,,,,,,True,0.0,0.0,0.0,0.0,1.0,0.0
LZTBI-0044,tbi_low,6,5.0,0.0,0.0,0.0,0.0,0.0,0.0,0.0,,,,,,True,0.0,0.0,0.0,0.0,1.0,0.0
LZTBI-0045,tbi_moderate,4,5.0,0.0,0.0,0.0,0.0,0.0,0.0,0.0,,,,,,True,0.0,0.0,0.0,0.0,1.0,0.0
LZTBI-0045,tbi_moderate,5,5.0,0.0,0.0,0.0,0.0,0.0,0.0,0.0,,,,,,True,0.0,0.0,0.0,0.0,1.0,0.0
LZTBI-0045,tbi_moderate,6,5.0,1.0,1.0,0.0,0.0,0.0,2.019,1.0,19.52,28.0,50.84,107.02,0.9845,True,0.2,0.0,0.0,0.0,0.99327,0.166667
LZTBI-0046,tbi_low,4,5.0,1.0,0.0,0.0,0.0,0.0,0.831,0.0,7.04,15.92,23.81,38.86,0.9462,True,0.0,0.0,0.0,0.0,0.99723,0.0
LZTBI-0046,tbi_low,5,5.0,0.0,0.0,0.0,0.0,0.0,0.0,0.0,,,,,,True,0.0,0.0,0.0,0.0,1.0,0.0
LZTBI-0046,tbi_low,6,5.0,0.0,0.0,0.0,0.0,0.0,0.0,0.0,,,,,,True,0.0,0.0,0.0,0.0,1.0,0.0
LZTBI-0047,tbi_high,4,5.0,4.0,4.0,3.0,1.0,2.0,13.144,3.0,40.8875,116.8,65.8925,165.71,0.9574,True,0.8,0.6,0.2,0.4,0.9561866666666666,1.8
LZTBI-0047,tbi_high,5,5.0,3.0,0.0,0.0,0.0,0.0,1.982,0.0,9.953333333333333,33.55,24.80333333333333,82.96,0.9672333333333333,True,0.0,0.0,0.0,0.0,0.9933933333333334,0.0
LZTBI-0047,tbi_high,6,5.0,3.0,2.0,2.0,1.0,1.0,9.062999999999999,3.0,29.836666666666662,81.97,49.669999999999995,165.41,0.9583333333333334,True,0.4,0.4,0.2,0.2,0.96979,1.2
LZTBI-0048,tbi_high,4,5.0,2.0,2.0,0.0,0.0,0.0,4.625,1.0,34.425,66.5,33.92,116.07,0.9647,True,0.4,0.0,0.0,0.0,0.9845833333333334,0.266667
LZTBI-0048,tbi_high,5,5.0,1.0,1.0,0.0,0.0,0.0,1.762,1.0,27.18,45.11,20.15,48.01,0.9809,True,0.2,0.0,0.0,0.0,0.9941266666666667,0.166667
LZTBI-0048,tbi_high,6,5.0,2.0,1.0,0.0,0.0,0.0,1.05,1.0,16.2,42.56,30.655,114.03,0.9722999999999999,True,0.2,0.0,0.0,0.0,0.9965,0.166667
LZTBI-0049,tbi_low,4,5.0,0.0,0.0,0.0,0.0,0.0,0.0,0.0,,,,,,True,0.0,0.0,0.0,0.0,1.0,0.0
LZTBI-0049,tbi_low,5,5.0,0.0,0.0,0.0,0.0,0.0,0.0,0.0,,,,,,True,0.0,0.0,0.0,0.0,1.0,0.0
LZTBI-0049,tbi_low,6,5.0,1.0,0.0,0.0,0.0,0.0,0.206,0.0,12.88,24.27,21.2,39.66,0.948,True,0.0,0.0,0.0,0.0,0.9993133333333334,0.0
LZTBI-0050,tbi_moderate,4,5.0,0.0,0.0,0.0,0.0,0.0,0.0,0.0,,,,,,True,0.0,0.0,0.0,0.0,1.0,0.0
LZTBI-0050,tbi_moderate,5,5.0,0.0,0.0,0.0,0.0,0.0,0.0,0.0,,,,,,True,0.0,0.0,0.0,0.0,1.0,0.0
LZTBI-0051,sham,4,5.0,1.0,0.0,0.0,0.0,0.0,0.381,0.0,10.6,16.21,10.96,27.07,0.9475,True,0.0,0.0,0.0,0.0,0.99873,0.0
LZTBI-0051,sham,5,5.0,1.0,0.0,0.0,0.0,0.0,0.719,0.0,14.49,23.35,26.92,47.94,0.9461,True,0.0,0.0,0.0,0.0,0.9976033333333333,0.0
LZTBI-0051,sham,6,5.0,2.0,2.0,1.0,1.0,0.0,9.462,2.0,29.630000000000003,68.72,57.345,131.61,0.9598,True,0.4,0.2,0.2,0.0,0.96846,0.733333
LZTBI-0052,tbi_low,4,5.0,0.0,0.0,0.0,0.0,0.0,0.0,0.0,,,,,,True,0.0,0.0,0.0,0.0,1.0,0.0
LZTBI-0052,tbi_low,5,5.0,2.0,0.0,0.0,0.0,0.0,1.625,0.0,9.815,25.62,19.61,74.54,0.96635,True,0.0,0.0,0.0,0.0,0.9945833333333334,0.0
LZTBI-0052,tbi_low,6,5.0,1.0,1.0,1.0,1.0,0.0,2.156,2.0,63.07,92.31,51.64,136.65,0.9632,True,0.2,0.2,0.2,0.0,0.9928133333333333,0.633333
LZTBI-0053,tbi_high,4,5.0,0.0,0.0,0.0,0.0,0.0,0.0,0.0,,,,,,True,0.0,0.0,0.0,0.0,1.0,0.0
LZTBI-0053,tbi_high,5,5.0,1.0,1.0,1.0,1.0,0.0,2.813,2.0,69.25,108.25,65.41,102.06,0.969,True,0.2,0.2,0.2,0.0,0.9906233333333333,0.633333
LZTBI-0053,tbi_high,6,5.0,6.0,5.0,4.0,3.0,1.0,19.494,3.0,50.03666666666667,103.37,55.00333333333333,159.68,0.9657666666666667,True,1.0,0.8,0.6,0.2,0.93502,2.3
LZTBI-0054,tbi_moderate,4,5.0,0.0,0.0,0.0,0.0,0.0,0.0,0.0,,,,,,True,0.0,0.0,0.0,0.0,1.0,0.0
LZTBI-0054,tbi_moderate,5,5.0,0.0,0.0,0.0,0.0,0.0,0.0,0.0,,,,,,True,0.0,0.0,0.0,0.0,1.0,0.0
LZTBI-0054,tbi_moderate,6,5.0,3.0,2.0,1.0,1.0,0.0,7.5120000000000005,2.0,29.48,61.89,30.099999999999998,129.63,0.9629,True,0.4,0.2,0.2,0.0,0.97496,0.733333
LZTBI-0055,tbi_low,4,5.0,1.0,0.0,0.0,0.0,0.0,0.794,0.0,10.81,17.07,22.14,82.26,0.9716,True,0.0,0.0,0.0,0.0,0.9973533333333333,0.0
LZTBI-0055,tbi_low,5,5.0,0.0,0.0,0.0,0.0,0.0,0.0,0.0,,,,,,True,0.0,0.0,0.0,0.0,1.0,0.0
LZTBI-0055,tbi_low,6,5.0,0.0,0.0,0.0,0.0,0.0,0.0,0.0,,,,,,True,0.0,0.0,0.0,0.0,1.0,0.0
LZTBI-0056,tbi_moderate,4,5.0,0.0,0.0,0.0,0.0,0.0,0.0,0.0,,,,,,True,0.0,0.0,0.0,0.0,1.0,0.0
LZTBI-0056,tbi_moderate,5,5.0,2.0,2.0,2.0,0.0,2.0,10.332,3.0,48.425,104.3,68.595,177.29,0.94445,True,0.4,0.4,0.0,0.4,0.96556,1.2
LZTBI-0056,tbi_moderate,6,5.0,2.0,2.0,0.0,0.0,0.0,4.561999999999999,1.0,20.015,39.03,50.815,111.07,0.9702999999999999,True,0.4,0.0,0.0,0.0,0.9847933333333333,0.266667
LZTBI-0057,tbi_high,4,5.0,0.0,0.0,0.0,0.0,0.0,0.0,0.0,,,,,,True,0.0,0.0,0.0,0.0,1.0,0.0
LZTBI-0057,tbi_high,5,5.0,3.0,3.0,3.0,2.0,1.0,18.369,3.0,49.45333333333334,106.27,69.55333333333333,171.97,0.9788333333333332,True,0.6,0.6,0.4,0.2,0.93877,1.7
LZTBI-0057,tbi_high,6,5.0,3.0,1.0,1.0,0.0,1.0,8.863000000000001,3.0,19.103333333333335,112.61,40.86333333333334,149.63,0.9665666666666667,True,0.2,0.2,0.0,0.2,0.9704566666666666,0.7
LZTBI-0058,sham,4,5.0,0.0,0.0,0.0,0.0,0.0,0.0,0.0,,,,,,True,0.0,0.0,0.0,0.0,1.0,0.0
LZTBI-0058,sham,5,5.0,1.0,0.0,0.0,0.0,0.0,0.406,0.0,9.12,20.09,18.12,75.94,0.983,True,0.0,0.0,0.0,0.0,0.9986466666666667,0.0
LZTBI-0058,sham,6,5.0,1.0,1.0,0.0,0.0,0.0,2.056,1.0,37.02,69.96,33.07,66.13,0.9503,True,0.2,0.0,0.0,0.0,0.9931466666666666,0.166667
LZTBI-0059,sham,4,5.0,1.0,0.0,0.0,0.0,0.0,0.425,0.0,6.74,15.25,12.62,52.84,0.9512,True,0.0,0.0,0.0,0.0,0.9985833333333334,0.0
LZTBI-0059,sham,5,5.0,2.0,1.0,0.0,0.0,0.0,3.019,1.0,21.52,57.43,23.85,88.34,0.96495,True,0.2,0.0,0.0,0.0,0.9899366666666667,0.166667
LZTBI-0059,sham,6,5.0,0.0,0.0,0.0,0.0,0.0,0.0,0.0,,,,,,True,0.0,0.0,0.0,0.0,1.0,0.0
LZTBI-0060,tbi_moderate,4,5.0,0.0,0.0,0.0,0.0,0.0,0.0,0.0,,,,,,True,0.0,0.0,0.0,0.0,1.0,0.0
LZTBI-0060,tbi_moderate,5,5.0,1.0,1.0,0.0,0.0,0.0,2.344,1.0,47.25,91.0,44.44,87.39,0.961,True,0.2,0.0,0.0,0.0,0.9921866666666667,0.166667
LZTBI-0060,tbi_moderate,6,5.0,1.0,0.0,0.0,0.0,0.0,0.613,0.0,12.58,31.45,26.5,32.25,0.9547,True,0.0,0.0,0.0,0.0,0.9979566666666667,0.0
LZTBI-0061,tbi_high,4,5.0,1.0,1.0,0.0,0.0,0.0,2.525,1.0,24.1,48.33,42.01,65.43,0.9696,True,0.2,0.0,0.0,0.0,0.9915833333333334,0.166667
LZTBI-0061,tbi_high,5,5.0,2.0,1.0,0.0,0.0,0.0,3.3810000000000002,1.0,23.695,60.7,20.5,112.24,0.9615,True,0.2,0.0,0.0,0.0,0.98873,0.166667
LZTBI-0061,tbi_high,6,5.0,1.0,0.0,0.0,0.0,0.0,0.531,0.0,4.72,12.27,27.66,31.35,0.9822,True,0.0,0.0,0.0,0.0,0.99823,0.0
LZTBI-0062,tbi_low,4,5.0,0.0,0.0,0.0,0.0,0.0,0.0,0.0,,,,,,True,0.0,0.0,0.0,0.0,1.0,0.0
LZTBI-0062,tbi_low,5,5.0,0.0,0.0,0.0,0.0,0.0,0.0,0.0,,,,,,True,0.0,0.0,0.0,0.0,1.0,0.0
LZTBI-0062,tbi_low,6,5.0,1.0,0.0,0.0,0.0,0.0,0.644,0.0,12.46,34.19,32.84,82.57,0.966,True,0.0,0.0,0.0,0.0,0.9978533333333334,0.0
LZTBI-0063,sham,4,5.0,1.0,0.0,0.0,0.0,0.0,0.45,0.0,6.18,9.65,14.9,55.61,0.9815,True,0.0,0.0,0.0,0.0,0.9985,0.0
LZTBI-0063,sham,5,5.0,0.0,0.0,0.0,0.0,0.0,0.0,0.0,,,,,,True,0.0,0.0,0.0,0.0,1.0,0.0
LZTBI-0064,sham,4,5.0,1.0,0.0,0.0,0.0,0.0,0.8,0.0,5.95,14.08,31.02,79.58,0.9588,True,0.0,0.0,0.0,0.0,0.9973333333333333,0.0
LZTBI-0064,sham,5,5.0,1.0,1.0,0.0,0.0,0.0,3.281,1.0,37.71,71.56,47.9,80.41,0.9525,True,0.2,0.0,0.0,0.0,0.9890633333333333,0.166667
LZTBI-0064,sham,6,5.0,0.0,0.0,0.0,0.0,0.0,0.0,0.0,,,,,,True,0.0,0.0,0.0,0.0,1.0,0.0
LZTBI-0065,sham,4,5.0,1.0,0.0,0.0,0.0,0.0,0.669,0.0,11.93,30.64,35.99,72.55,0.9518,True,0.0,0.0,0.0,0.0,0.99777,0.0
LZTBI-0065,sham,5,5.0,0.0,0.0,0.0,0.0,0.0,0.0,0.0,,,,,,True,0.0,0.0,0.0,0.0,1.0,0.0
LZTBI-0065,sham,6,5.0,0.0,0.0,0.0,0.0,0.0,0.0,0.0,,,,,,True,0.0,0.0,0.0,0.0,1.0,0.0
LZTBI-0066,tbi_high,4,5.0,1.0,1.0,0.0,0.0,0.0,1.55,1.0,25.68,40.69,29.43,63.78,0.9787,True,0.2,0.0,0.0,0.0,0.9948333333333333,0.166667
LZTBI-0066,tbi_high,5,5.0,0.0,0.0,0.0,0.0,0.0,0.0,0.0,,,,,,True,0.0,0.0,0.0,0.0,1.0,0.0
LZTBI-0066,tbi_high,6,5.0,1.0,0.0,0.0,0.0,0.0,0.425,0.0,2.87,7.0,18.39,29.93,0.9523,True,0.0,0.0,0.0,0.0,0.9985833333333334,0.0
LZTBI-0067,tbi_moderate,4,5.0,4.0,1.0,0.0,0.0,0.0,4.932,1.0,15.3475,49.87,15.71,76.45,0.9529,True,0.2,0.0,0.0,0.0,0.98356,0.166667
LZTBI-0067,tbi_moderate,5,5.0,1.0,1.0,0.0,0.0,0.0,3.231,1.0,38.95,73.05,29.83,100.75,0.9724,True,0.2,0.0,0.0,0.0,0.98923,0.166667
LZTBI-0067,tbi_moderate,6,5.0,0.0,0.0,0.0,0.0,0.0,0.0,0.0,,,,,,True,0.0,0.0,0.0,0.0,1.0,0.0
LZTBI-0068,sham,4,5.0,0.0,0.0,0.0,0.0,0.0,0.0,0.0,,,,,,True,0.0,0.0,0.0,0.0,1.0,0.0
LZTBI-0068,sham,5,5.0,2.0,1.0,0.0,0.0,0.0,4.2379999999999995,1.0,26.655,77.48,41.015,115.4,0.9515,True,0.2,0.0,0.0,0.0,0.9858733333333334,0.166667
LZTBI-0068,sham,6,5.0,0.0,0.0,0.0,0.0,0.0,0.0,0.0,,,,,,True,0.0,0.0,0.0,0.0,1.0,0.0
LZTBI-0069,tbi_high,4,5.0,0.0,0.0,0.0,0.0,0.0,0.0,0.0,,,,,,True,0.0,0.0,0.0,0.0,1.0,0.0
LZTBI-0069,tbi_high,5,5.0,1.0,0.0,0.0,0.0,0.0,0.556,0.0,8.91,16.1,34.95,49.24,0.9501,True,0.0,0.0,0.0,0.0,0.9981466666666666,0.0
LZTBI-0069,tbi_high,6,5.0,5.0,3.0,3.0,2.0,1.0,14.100000000000001,3.0,33.564,79.99,40.712,165.8,0.959,True,0.6,0.6,0.4,0.2,0.953,1.7
LZTBI-0070,tbi_high,4,5.0,1.0,1.0,0.0,0.0,0.0,0.906,1.0,30.67,61.44,52.92,100.35,0.9606,True,0.2,0.0,0.0,0.0,0.99698,0.166667
LZTBI-0070,tbi_high,5,5.0,1.0,0.0,0.0,0.0,0.0,0.225,0.0,12.07,30.41,34.71,34.75,0.9669,True,0.0,0.0,0.0,0.0,0.99925,0.0
LZTBI-0070,tbi_high,6,5.0,0.0,0.0,0.0,0.0,0.0,0.0,0.0,,,,,,True,0.0,0.0,0.0,0.0,1.0,0.0
LZTBI-0071,sham,4,5.0,0.0,0.0,0.0,0.0,0.0,0.0,0.0,,,,,,True,0.0,0.0,0.0,0.0,1.0,0.0
LZTBI-0071,sham,5,5.0,1.0,0.0,0.0,0.0,0.0,0.556,0.0,5.03,8.51,16.46,55.61,0.9592,True,0.0,0.0,0.0,0.0,0.9981466666666666,0.0
LZTBI-0071,sham,6,5.0,0.0,0.0,0.0,0.0,0.0,0.0,0.0,,,,,,True,0.0,0.0,0.0,0.0,1.0,0.0
LZTBI-0072,sham,4,5.0,1.0,0.0,0.0,0.0,0.0,0.431,0.0,14.77,31.08,16.54,80.3,0.9827,True,0.0,0.0,0.0,0.0,0.9985633333333334,0.0
LZTBI-0072,sham,5,5.0,0.0,0.0,0.0,0.0,0.0,0.0,0.0,,,,,,True,0.0,0.0,0.0,0.0,1.0,0.0
LZTBI-0072,sham,6,5.0,1.0,1.0,0.0,0.0,0.0,0.737,1.0,29.93,56.08,32.26,102.17,0.9563,True,0.2,0.0,0.0,0.0,0.9975433333333333,0.166667
LZTBI-0073,tbi_low,4,5.0,1.0,0.0,0.0,0.0,0.0,0.4,0.0,2.99,7.0,27.88,75.71,0.9725,True,0.0,0.0,0.0,0.0,0.9986666666666667,0.0
LZTBI-0073,tbi_low,5,5.0,0.0,0.0,0.0,0.0,0.0,0.0,0.0,,,,,,True,0.0,0.0,0.0,0.0,1.0,0.0
LZTBI-0073,tbi_low,6,5.0,0.0,0.0,0.0,0.0,0.0,0.0,0.0,,,,,,True,0.0,0.0,0.0,0.0,1.0,0.0
LZTBI-0074,tbi_low,4,5.0,2.0,2.0,0.0,0.0,0.0,4.981,1.0,26.78,65.2,39.32,110.41,0.95955,True,0.4,0.0,0.0,0.0,0.9833966666666667,0.266667
LZTBI-0074,tbi_low,5,5.0,0.0,0.0,0.0,0.0,0.0,0.0,0.0,,,,,,True,0.0,0.0,0.0,0.0,1.0,0.0
LZTBI-0074,tbi_low,6,5.0,2.0,1.0,0.0,0.0,0.0,2.787,1.0,19.785,37.33,26.535,112.46,0.9715,True,0.2,0.0,0.0,0.0,0.99071,0.166667
LZTBI-0075,sham,4,5.0,0.0,0.0,0.0,0.0,0.0,0.0,0.0,,,,,,True,0.0,0.0,0.0,0.0,1.0,0.0
LZTBI-0075,sham,5,5.0,0.0,0.0,0.0,0.0,0.0,0.0,0.0,,,,,,True,0.0,0.0,0.0,0.0,1.0,0.0
LZTBI-0075,sham,6,5.0,0.0,0.0,0.0,0.0,0.0,0.0,0.0,,,,,,True,0.0,0.0,0.0,0.0,1.0,0.0
LZTBI-0076,tbi_high,4,5.0,5.0,4.0,4.0,2.0,2.0,26.831,3.0,36.965999999999994,101.56,65.52799999999999,175.72,0.9593400000000001,True,0.8,0.8,0.4,0.4,0.9105633333333334,2.2
LZTBI-0076,tbi_high,5,5.0,1.0,1.0,1.0,1.0,0.0,4.4,2.0,62.84,102.21,72.5,99.99,0.9606,True,0.2,0.2,0.2,0.0,0.9853333333333333,0.633333
LZTBI-0076,tbi_high,6,5.0,5.0,5.0,4.0,1.0,3.0,21.944,3.0,45.384,112.9,68.922,166.52,0.96296,True,1.0,0.8,0.2,0.6,0.9268533333333333,2.3
LZTBI-0077,tbi_moderate,4,5.0,2.0,2.0,2.0,0.0,2.0,7.744,3.0,30.490000000000002,106.59,82.16,154.73,0.9531000000000001,True,0.4,0.4,0.0,0.4,0.9741866666666666,1.2
LZTBI-0077,tbi_moderate,5,5.0,0.0,0.0,0.0,0.0,0.0,0.0,0.0,,,,,,True,0.0,0.0,0.0,0.0,1.0,0.0
LZTBI-0077,tbi_moderate,6,5.0,2.0,1.0,1.0,0.0,1.0,9.106,3.0,29.985,94.55,36.980000000000004,123.76,0.9463999999999999,True,0.2,0.2,0.0,0.2,0.9696466666666667,0.7
LZTBI-0078,tbi_high,4,5.0,0.0,0.0,0.0,0.0,0.0,0.0,0.0,,,,,,True,0.0,0.0,0.0,0.0,1.0,0.0
LZTBI-0078,tbi_high,5,5.0,1.0,0.0,0.0,0.0,0.0,0.394,0.0,6.37,13.41,21.04,60.51,0.9843,True,0.0,0.0,0.0,0.0,0.9986866666666666,0.0
LZTBI-0078,tbi_high,6,5.0,0.0,0.0,0.0,0.0,0.0,0.0,0.0,,,,,,True,0.0,0.0,0.0,0.0,1.0,0.0
LZTBI-0079,tbi_low,4,5.0,1.0,0.0,0.0,0.0,0.0,0.5,0.0,13.64,26.75,26.22,37.86,0.9549,True,0.0,0.0,0.0,0.0,0.9983333333333333,0.0
LZTBI-0079,tbi_low,5,5.0,1.0,0.0,0.0,0.0,0.0,0.519,0.0,9.67,18.23,25.23,73.19,0.9486,True,0.0,0.0,0.0,0.0,0.99827,0.0
LZTBI-0079,tbi_low,6,5.0,0.0,0.0,0.0,0.0,0.0,0.0,0.0,,,,,,True,0.0,0.0,0.0,0.0,1.0,0.0
LZTBI-0080,tbi_low,4,5.0,0.0,0.0,0.0,0.0,0.0,0.0,0.0,,,,,,True,0.0,0.0,0.0,0.0,1.0,0.0
LZTBI-0080,tbi_low,5,5.0,2.0,1.0,0.0,0.0,0.0,1.331,1.0,21.43,41.66,27.66,86.32,0.9685999999999999,True,0.2,0.0,0.0,0.0,0.9955633333333334,0.166667
LZTBI-0080,tbi_low,6,5.0,1.0,1.0,0.0,0.0,0.0,2.788,1.0,33.85,75.87,18.07,86.18,0.9648,True,0.2,0.0,0.0,0.0,0.9907066666666666,0.166667
LZTBI-0081,sham,4,5.0,0.0,0.0,0.0,0.0,0.0,0.0,0.0,,,,,,True,0.0,0.0,0.0,0.0,1.0,0.0
LZTBI-0081,sham,5,5.0,1.0,0.0,0.0,0.0,0.0,0.569,0.0,8.67,16.04,28.4,75.11,0.961,True,0.0,0.0,0.0,0.0,0.9981033333333333,0.0
LZTBI-0081,sham,6,5.0,0.0,0.0,0.0,0.0,0.0,0.0,0.0,,,,,,True,0.0,0.0,0.0,0.0,1.0,0.0
LZTBI-0082,tbi_high,4,5.0,1.0,1.0,0.0,0.0,0.0,2.356,1.0,39.17,52.97,28.02,56.41,0.9789,True,0.2,0.0,0.0,0.0,0.9921466666666666,0.166667
LZTBI-0082,tbi_high,5,5.0,0.0,0.0,0.0,0.0,0.0,0.0,0.0,,,,,,True,0.0,0.0,0.0,0.0,1.0,0.0
LZTBI-0082,tbi_high,6,5.0,0.0,0.0,0.0,0.0,0.0,0.0,0.0,,,,,,True,0.0,0.0,0.0,0.0,1.0,0.0
LZTBI-0083,tbi_low,4,5.0,0.0,0.0,0.0,0.0,0.0,0.0,0.0,,,,,,True,0.0,0.0,0.0,0.0,1.0,0.0
LZTBI-0083,tbi_low,5,5.0,0.0,0.0,0.0,0.0,0.0,0.0,0.0,,,,,,True,0.0,0.0,0.0,0.0,1.0,0.0
LZTBI-0083,tbi_low,6,5.0,1.0,0.0,0.0,0.0,0.0,0.538,0.0,9.25,21.28,9.34,26.65,0.966,True,0.0,0.0,0.0,0.0,0.9982066666666667,0.0
LZTBI-0084,tbi_high,4,5.0,1.0,1.0,0.0,0.0,0.0,2.388,1.0,20.72,44.5,24.53,114.31,0.979,True,0.2,0.0,0.0,0.0,0.99204,0.166667
LZTBI-0084,tbi_high,5,5.0,1.0,1.0,0.0,0.0,0.0,2.488,1.0,39.93,83.66,23.19,83.34,0.9727,True,0.2,0.0,0.0,0.0,0.9917066666666666,0.166667
LZTBI-0084,tbi_high,6,5.0,1.0,0.0,0.0,0.0,0.0,0.475,0.0,14.67,22.07,14.78,73.44,0.9526,True,0.0,0.0,0.0,0.0,0.9984166666666666,0.0
LZTBI-0085,tbi_low,4,5.0,0.0,0.0,0.0,0.0,0.0,0.0,0.0,,,,,,True,0.0,0.0,0.0,0.0,1.0,0.0
LZTBI-0085,tbi_low,5,5.0,1.0,0.0,0.0,0.0,0.0,0.288,0.0,3.84,8.86,17.14,36.76,0.9707,True,0.0,0.0,0.0,0.0,0.99904,0.0
LZTBI-0085,tbi_low,6,5.0,1.0,1.0,1.0,1.0,0.0,3.0,2.0,52.58,68.8,76.36,116.79,0.9734,False,0.2,0.2,0.2,0.0,0.99,0.633333
LZTBI-0086,tbi_moderate,4,5.0,0.0,0.0,0.0,0.0,0.0,0.0,0.0,,,,,,True,0.0,0.0,0.0,0.0,1.0,0.0
LZTBI-0086,tbi_moderate,5,5.0,6.0,6.0,4.0,1.0,3.0,26.362000000000002,3.0,41.30166666666667,90.54,72.635,171.5,0.9568666666666666,True,1.2,0.8,0.2,0.6,0.9121266666666666,2.4
LZTBI-0086,tbi_moderate,6,5.0,5.0,3.0,3.0,1.0,2.0,8.976,3.0,30.668,107.73,52.186,154.05,0.9689,True,0.6,0.6,0.2,0.4,0.97008,1.7
LZTBI-0087,tbi_low,4,5.0,1.0,0.0,0.0,0.0,0.0,0.694,0.0,12.7,29.82,22.82,25.49,0.9473,True,0.0,0.0,0.0,0.0,0.9976866666666667,0.0
LZTBI-0087,tbi_low,5,5.0,1.0,0.0,0.0,0.0,0.0,0.619,0.0,4.28,10.37,23.8,52.16,0.9536,True,0.0,0.0,0.0,0.0,0.9979366666666667,0.0
LZTBI-0087,tbi_low,6,5.0,0.0,0.0,0.0,0.0,0.0,0.0,0.0,,,,,,True,0.0,0.0,0.0,0.0,1.0,0.0
LZTBI-0088,tbi_high,4,5.0,0.0,0.0,0.0,0.0,0.0,0.0,0.0,,,,,,True,0.0,0.0,0.0,0.0,1.0,0.0
LZTBI-0088,tbi_high,5,5.0,0.0,0.0,0.0,0.0,0.0,0.0,0.0,,,,,,True,0.0,0.0,0.0,0.0,1.0,0.0
LZTBI-0088,tbi_high,6,5.0,4.0,4.0,3.0,1.0,2.0,20.163,3.0,38.055,103.36,69.2375,172.23,0.9702,True,0.8,0.6,0.2,0.4,0.93279,1.8
LZTBI-0089,tbi_moderate,4,5.0,0.0,0.0,0.0,0.0,0.0,0.0,0.0,,,,,,True,0.0,0.0,0.0,0.0,1.0,0.0
LZTBI-0089,tbi_moderate,5,5.0,0.0,0.0,0.0,0.0,0.0,0.0,0.0,,,,,,True,0.0,0.0,0.0,0.0,1.0,0.0
LZTBI-0089,tbi_moderate,6,5.0,4.0,3.0,2.0,1.0,1.0,11.206000000000001,3.0,31.6875,109.72,52.275,148.28,0.963775,True,0.6,0.4,0.2,0.2,0.9626466666666667,1.3
LZTBI-0090,tbi_low,4,5.0,1.0,0.0,0.0,0.0,0.0,0.838,0.0,12.16,26.51,12.38,74.97,0.9802,True,0.0,0.0,0.0,0.0,0.9972066666666667,0.0
LZTBI-0090,tbi_low,5,5.0,0.0,0.0,0.0,0.0,0.0,0.0,0.0,,,,,,True,0.0,0.0,0.0,0.0,1.0,0.0
LZTBI-0090,tbi_low,6,5.0,1.0,1.0,0.0,0.0,0.0,2.775,1.0,31.01,59.75,26.61,95.98,0.9538,True,0.2,0.0,0.0,0.0,0.99075,0.166667
LZTBI-0091,tbi_high,4,5.0,1.0,0.0,0.0,0.0,0.0,0.787,0.0,7.07,11.04,17.55,43.08,0.9709,True,0.0,0.0,0.0,0.0,0.9973766666666667,0.0
LZTBI-0091,tbi_high,5,5.0,0.0,0.0,0.0,0.0,0.0,0.0,0.0,,,,,,True,0.0,0.0,0.0,0.0,1.0,0.0
LZTBI-0091,tbi_high,6,5.0,5.0,5.0,5.0,2.0,3.0,24.932,3.0,48.254000000000005,114.95,80.39,165.45,0.97362,True,1.0,1.0,0.4,0.6,0.9168933333333333,2.7
LZTBI-0092,sham,4,5.0,0.0,0.0,0.0,0.0,0.0,0.0,0.0,,,,,,True,0.0,0.0,0.0,0.0,1.0,0.0
LZTBI-0092,sham,5,5.0,0.0,0.0,0.0,0.0,0.0,0.0,0.0,,,,,,True,0.0,0.0,0.0,0.0,1.0,0.0
LZTBI-0092,sham,6,5.0,1.0,0.0,0.0,0.0,0.0,0.638,0.0,14.78,41.35,25.66,34.74,0.9633,True,0.0,0.0,0.0,0.0,0.9978733333333333,0.0
LZTBI-0093,tbi_high,4,5.0,0.0,0.0,0.0,0.0,0.0,0.0,0.0,,,,,,True,0.0,0.0,0.0,0.0,1.0,0.0
LZTBI-0093,tbi_high,5,5.0,0.0,0.0,0.0,0.0,0.0,0.0,0.0,,,,,,True,0.0,0.0,0.0,0.0,1.0,0.0
LZTBI-0093,tbi_high,6,5.0,3.0,2.0,2.0,2.0,0.0,12.725,2.0,36.050000000000004,87.53,48.803333333333335,122.07,0.9631666666666666,True,0.4,0.4,0.4,0.0,0.9575833333333333,1.133333
LZTBI-0094,tbi_high,4,5.0,3.0,3.0,3.0,1.0,2.0,15.905999999999999,3.0,26.646666666666665,116.63,57.75666666666666,134.13,0.9517666666666668,True,0.6,0.6,0.2,0.4,0.94698,1.7
LZTBI-0094,tbi_high,5,5.0,3.0,2.0,2.0,2.0,0.0,9.15,2.0,45.413333333333334,88.06,45.51666666666666,94.11,0.9664333333333334,True,0.4,0.4,0.4,0.0,0.9695,1.133333
LZTBI-0094,tbi_high,6,5.0,2.0,1.0,1.0,0.0,1.0,5.856,3.0,20.67,111.52,50.80500000000001,128.85,0.96055,True,0.2,0.2,0.0,0.2,0.98048,0.7
LZTBI-0095,tbi_moderate,4,5.0,3.0,3.0,1.0,1.0,0.0,5.613,2.0,45.14666666666667,116.8,40.233333333333334,122.33,0.9636999999999999,True,0.6,0.2,0.2,0.0,0.98129,0.833333
LZTBI-0095,tbi_moderate,5,5.0,1.0,1.0,1.0,0.0,1.0,4.538,3.0,47.6,116.03,100.13,138.25,0.9539,True,0.2,0.2,0.0,0.2,0.9848733333333334,0.7
LZTBI-0095,tbi_moderate,6,5.0,1.0,1.0,1.0,0.0,1.0,4.069,3.0,55.91,82.66,98.16,137.02,0.9637,True,0.2,0.2,0.0,0.2,0.9864366666666666,0.7
LZTBI-0096,tbi_low,4,5.0,0.0,0.0,0.0,0.0,0.0,0.0,0.0,,,,,,True,0.0,0.0,0.0,0.0,1.0,0.0
LZTBI-0096,tbi_low,5,5.0,0.0,0.0,0.0,0.0,0.0,0.0,0.0,,,,,,True,0.0,0.0,0.0,0.0,1.0,0.0
LZTBI-0096,tbi_low,6,5.0,1.0,0.0,0.0,0.0,0.0,0.4,0.0,6.34,14.36,10.2,84.77,0.9789,True,0.0,0.0,0.0,0.0,0.9986666666666667,0.0
LZTBI-0097,tbi_moderate,4,5.0,0.0,0.0,0.0,0.0,0.0,0.0,0.0,,,,,,True,0.0,0.0,0.0,0.0,1.0,0.0
LZTBI-0097,tbi_moderate,5,5.0,1.0,1.0,0.0,0.0,0.0,0.963,1.0,21.08,40.41,48.67,99.62,0.9564,True,0.2,0.0,0.0,0.0,0.99679,0.166667
LZTBI-0097,tbi_moderate,6,5.0,1.0,0.0,0.0,0.0,0.0,0.794,0.0,6.01,15.3,33.55,25.46,0.9753,True,0.0,0.0,0.0,0.0,0.9973533333333333,0.0
LZTBI-0098,sham,4,5.0,0.0,0.0,0.0,0.0,0.0,0.0,0.0,,,,,,True,0.0,0.0,0.0,0.0,1.0,0.0
LZTBI-0098,sham,5,5.0,1.0,0.0,0.0,0.0,0.0,0.787,0.0,11.28,20.44,34.3,85.69,0.951,True,0.0,0.0,0.0,0.0,0.9973766666666667,0.0
LZTBI-0098,sham,6,5.0,2.0,0.0,0.0,0.0,0.0,1.225,0.0,3.7350000000000003,11.43,25.82,85.41,0.95685,True,0.0,0.0,0.0,0.0,0.9959166666666667,0.0
LZTBI-0099,tbi_low,4,5.0,3.0,0.0,0.0,0.0,0.0,1.1440000000000001,0.0,6.4366666666666665,23.31,23.070000000000004,67.54,0.9674,True,0.0,0.0,0.0,0.0,0.9961866666666667,0.0
LZTBI-0099,tbi_low,5,5.0,0.0,0.0,0.0,0.0,0.0,0.0,0.0,,,,,,True,0.0,0.0,0.0,0.0,1.0,0.0
LZTBI-0099,tbi_low,6,5.0,0.0,0.0,0.0,0.0,0.0,0.0,0.0,,,,,,True,0.0,0.0,0.0,0.0,1.0,0.0
LZTBI-0100,tbi_moderate,4,5.0,2.0,2.0,0.0,0.0,0.0,3.6500000000000004,1.0,31.53,61.09,46.510000000000005,115.82,0.9694499999999999,True,0.4,0.0,0.0,0.0,0.9878333333333333,0.266667
LZTBI-0101,tbi_high,4,5.0,1.0,0.0,0.0,0.0,0.0,0.781,0.0,2.19,7.0,30.56,61.25,0.9676,True,0.0,0.0,0.0,0.0,0.9973966666666667,0.0
LZTBI-0101,tbi_high,5,5.0,3.0,3.0,3.0,1.0,2.0,18.381,3.0,48.97333333333333,116.8,60.35999999999999,144.0,0.9503666666666666,True,0.6,0.6,0.2,0.4,0.93873,1.7
LZTBI-0101,tbi_high,6,5.0,3.0,3.0,2.0,0.0,2.0,11.906,3.0,35.64666666666667,103.09,70.51333333333334,169.13,0.9631333333333333,True,0.6,0.4,0.0,0.4,0.9603133333333334,1.3
LZTBI-0102,tbi_low,4,5.0,0.0,0.0,0.0,0.0,0.0,0.0,0.0,,,,,,True,0.0,0.0,0.0,0.0,1.0,0.0
LZTBI-0102,tbi_low,5,5.0,0.0,0.0,0.0,0.0,0.0,0.0,0.0,,,,,,True,0.0,0.0,0.0,0.0,1.0,0.0
LZTBI-0102,tbi_low,6,5.0,0.0,0.0,0.0,0.0,0.0,0.0,0.0,,,,,,True,0.0,0.0,0.0,0.0,1.0,0.0
LZTBI-0103,sham,4,5.0,0.0,0.0,0.0,0.0,0.0,0.0,0.0,,,,,,True,0.0,0.0,0.0,0.0,1.0,0.0
LZTBI-0103,sham,5,5.0,0.0,0.0,0.0,0.0,0.0,0.0,0.0,,,,,,True,0.0,0.0,0.0,0.0,1.0,0.0
LZTBI-0103,sham,6,5.0,1.0,1.0,1.0,1.0,0.0,5.262,2.0,36.79,67.86,76.26,86.8,0.9584,False,0.2,0.2,0.2,0.0,0.98246,0.633333
LZTBI-0104,sham,4,5.0,0.0,0.0,0.0,0.0,0.0,0.0,0.0,,,,,,True,0.0,0.0,0.0,0.0,1.0,0.0
LZTBI-0104,sham,5,5.0,2.0,1.0,0.0,0.0,0.0,1.8690000000000002,1.0,13.690000000000001,40.91,29.34,106.54,0.97925,True,0.2,0.0,0.0,0.0,0.99377,0.166667
LZTBI-0104,sham,6,5.0,0.0,0.0,0.0,0.0,0.0,0.0,0.0,,,,,,True,0.0,0.0,0.0,0.0,1.0,0.0
LZTBI-0105,tbi_low,4,5.0,0.0,0.0,0.0,0.0,0.0,0.0,0.0,,,,,,True,0.0,0.0,0.0,0.0,1.0,0.0
LZTBI-0105,tbi_low,5,5.0,0.0,0.0,0.0,0.0,0.0,0.0,0.0,,,,,,True,0.0,0.0,0.0,0.0,1.0,0.0
LZTBI-0105,tbi_low,6,5.0,2.0,1.0,1.0,0.0,1.0,7.3,3.0,18.93,77.32,52.84,123.87,0.9662999999999999,True,0.2,0.2,0.0,0.2,0.9756666666666667,0.7
LZTBI-0106,sham,4,5.0,0.0,0.0,0.0,0.0,0.0,0.0,0.0,,,,,,True,0.0,0.0,0.0,0.0,1.0,0.0
LZTBI-0106,sham,5,5.0,0.0,0.0,0.0,0.0,0.0,0.0,0.0,,,,,,True,0.0,0.0,0.0,0.0,1.0,0.0
LZTBI-0106,sham,6,5.0,2.0,0.0,0.0,0.0,0.0,0.887,0.0,12.105,33.6,19.845,77.68,0.96855,True,0.0,0.0,0.0,0.0,0.9970433333333333,0.0
LZTBI-0107,sham,4,5.0,1.0,1.0,0.0,0.0,0.0,2.219,1.0,37.14,77.93,24.12,65.29,0.9625,True,0.2,0.0,0.0,0.0,0.9926033333333333,0.166667
LZTBI-0107,sham,5,5.0,0.0,0.0,0.0,0.0,0.0,0.0,0.0,,,,,,True,0.0,0.0,0.0,0.0,1.0,0.0
LZTBI-0107,sham,6,5.0,0.0,0.0,0.0,0.0,0.0,0.0,0.0,,,,,,True,0.0,0.0,0.0,0.0,1.0,0.0
LZTBI-0108,tbi_low,4,5.0,0.0,0.0,0.0,0.0,0.0,0.0,0.0,,,,,,True,0.0,0.0,0.0,0.0,1.0,0.0
LZTBI-0108,tbi_low,5,5.0,0.0,0.0,0.0,0.0,0.0,0.0,0.0,,,,,,True,0.0,0.0,0.0,0.0,1.0,0.0
LZTBI-0108,tbi_low,6,5.0,2.0,1.0,1.0,1.0,0.0,7.093999999999999,2.0,32.835,92.23,49.115,142.84,0.9695499999999999,False,0.2,0.2,0.2,0.0,0.9763533333333333,0.633333
LZTBI-0109,tbi_low,4,5.0,0.0,0.0,0.0,0.0,0.0,0.0,0.0,,,,,,True,0.0,0.0,0.0,0.0,1.0,0.0
LZTBI-0109,tbi_low,5,5.0,1.0,1.0,0.0,0.0,0.0,1.731,1.0,40.42,56.24,43.94,110.82,0.9661,True,0.2,0.0,0.0,0.0,0.99423,0.166667
LZTBI-0109,tbi_low,6,5.0,1.0,0.0,0.0,0.0,0.0,0.456,0.0,2.0,7.0,30.07,35.1,0.946,True,0.0,0.0,0.0,0.0,0.99848,0.0
LZTBI-0110,tbi_moderate,4,5.0,0.0,0.0,0.0,0.0,0.0,0.0,0.0,,,,,,True,0.0,0.0,0.0,0.0,1.0,0.0
LZTBI-0110,tbi_moderate,5,5.0,1.0,1.0,1.0,1.0,0.0,7.4,2.0,50.25,82.97,44.49,141.34,0.9546,False,0.2,0.2,0.2,0.0,0.9753333333333334,0.633333
LZTBI-0110,tbi_moderate,6,5.0,1.0,0.0,0.0,0.0,0.0,0.456,0.0,7.44,18.06,17.05,73.12,0.9636,True,0.0,0.0,0.0,0.0,0.99848,0.0
LZTBI-0111,tbi_moderate,4,5.0,1.0,0.0,0.0,0.0,0.0,0.313,0.0,8.89,15.93,20.8,86.41,0.9567,True,0.0,0.0,0.0,0.0,0.9989566666666667,0.0
LZTBI-0111,tbi_moderate,5,5.0,0.0,0.0,0.0,0.0,0.0,0.0,0.0,,,,,,True,0.0,0.0,0.0,0.0,1.0,0.0
LZTBI-0111,tbi_moderate,6,5.0,0.0,0.0,0.0,0.0,0.0,0.0,0.0,,,,,,True,0.0,0.0,0.0,0.0,1.0,0.0
LZTBI-0112,sham,4,5.0,0.0,0.0,0.0,0.0,0.0,0.0,0.0,,,,,,True,0.0,0.0,0.0,0.0,1.0,0.0
LZTBI-0112,sham,5,5.0,1.0,1.0,0.0,0.0,0.0,2.669,1.0,26.39,50.63,27.46,81.58,0.9565,True,0.2,0.0,0.0,0.0,0.9911033333333333,0.166667
LZTBI-0112,sham,6,5.0,1.0,0.0,0.0,0.0,0.0,0.694,0.0,7.26,18.52,17.93,71.93,0.9754,True,0.0,0.0,0.0,0.0,0.9976866666666667,0.0
LZTBI-0113,tbi_high,4,5.0,1.0,1.0,0.0,0.0,0.0,3.056,1.0,35.43,59.83,25.61,56.89,0.9536,True,0.2,0.0,0.0,0.0,0.9898133333333333,0.166667
LZTBI-0113,tbi_high,5,5.0,2.0,1.0,0.0,0.0,0.0,1.7690000000000001,1.0,21.505,65.7,35.685,117.02,0.9681,True,0.2,0.0,0.0,0.0,0.9941033333333333,0.166667
LZTBI-0113,tbi_high,6,5.0,0.0,0.0,0.0,0.0,0.0,0.0,0.0,,,,,,True,0.0,0.0,0.0,0.0,1.0,0.0
LZTBI-0114,tbi_moderate,4,5.0,0.0,0.0,0.0,0.0,0.0,0.0,0.0,,,,,,True,0.0,0.0,0.0,0.0,1.0,0.0
LZTBI-0114,tbi_moderate,5,5.0,3.0,3.0,3.0,2.0,1.0,16.731,3.0,45.086666666666666,88.22,63.876666666666665,138.12,0.9705,True,0.6,0.6,0.4,0.2,0.94423,1.7
LZTBI-0114,tbi_moderate,6,5.0,3.0,1.0,1.0,1.0,0.0,4.288,2.0,25.036666666666665,62.48,24.25333333333333,109.68,0.9667,True,0.2,0.2,0.2,0.0,0.9857066666666666,0.633333
LZTBI-0115,sham,4,5.0,1.0,0.0,0.0,0.0,0.0,0.387,0.0,2.0,7.0,29.73,57.11,0.9573,True,0.0,0.0,0.0,0.0,0.99871,0.0
LZTBI-0115,sham,5,5.0,0.0,0.0,0.0,0.0,0.0,0.0,0.0,,,,,,True,0.0,0.0,0.0,0.0,1.0,0.0
LZTBI-0115,sham,6,5.0,2.0,2.0,2.0,2.0,0.0,6.744,2.0,51.175,107.16,62.74,123.98,0.96365,True,0.4,0.4,0.4,0.0,0.97752,1.133333
LZTBI-0116,sham,4,5.0,0.0,0.0,0.0,0.0,0.0,0.0,0.0,,,,,,True,0.0,0.0,0.0,0.0,1.0,0.0
LZTBI-0116,sham,5,5.0,1.0,0.0,0.0,0.0,0.0,0.719,0.0,2.19,7.0,12.64,59.99,0.9584,True,0.0,0.0,0.0,0.0,0.9976033333333333,0.0
LZTBI-0117,tbi_moderate,4,5.0,0.0,0.0,0.0,0.0,0.0,0.0,0.0,,,,,,True,0.0,0.0,0.0,0.0,1.0,0.0
LZTBI-0117,tbi_moderate,5,5.0,6.0,5.0,3.0,2.0,1.0,17.724,3.0,34.291666666666664,87.65,47.685,151.55,0.9613499999999999,True,1.0,0.6,0.4,0.2,0.94092,1.9
LZTBI-0117,tbi_moderate,6,5.0,1.0,1.0,1.0,1.0,0.0,4.606,2.0,49.07,71.31,37.92,137.19,0.9592,True,0.2,0.2,0.2,0.0,0.9846466666666667,0.633333
LZTBI-0118,sham,4,5.0,0.0,0.0,0.0,0.0,0.0,0.0,0.0,,,,,,True,0.0,0.0,0.0,0.0,1.0,0.0
LZTBI-0118,sham,5,5.0,1.0,1.0,0.0,0.0,0.0,2.2,1.0,28.09,44.27,40.06,89.17,0.9599,True,0.2,0.0,0.0,0.0,0.9926666666666667,0.166667
LZTBI-0118,sham,6,5.0,1.0,0.0,0.0,0.0,0.0,0.694,0.0,15.65,27.39,23.27,33.78,0.9536,True,0.0,0.0,0.0,0.0,0.9976866666666667,0.0
LZTBI-0119,sham,4,5.0,3.0,3.0,0.0,0.0,0.0,3.275,1.0,28.24,62.16,39.846666666666664,114.43,0.9673666666666666,True,0.6,0.0,0.0,0.0,0.9890833333333333,0.366667
LZTBI-0119,sham,5,5.0,0.0,0.0,0.0,0.0,0.0,0.0,0.0,,,,,,True,0.0,0.0,0.0,0.0,1.0,0.0
LZTBI-0119,sham,6,5.0,1.0,1.0,1.0,1.0,0.0,7.475,2.0,40.23,52.37,43.82,118.31,0.9591,False,0.2,0.2,0.2,0.0,0.9750833333333333,0.633333
LZTBI-0120,sham,4,5.0,0.0,0.0,0.0,0.0,0.0,0.0,0.0,,,,,,True,0.0,0.0,0.0,0.0,1.0,0.0
LZTBI-0120,sham,5,5.0,1.0,0.0,0.0,0.0,0.0,0.456,0.0,6.14,14.94,33.02,71.47,0.9505,True,0.0,0.0,0.0,0.0,0.99848,0.0
LZTBI-0120,sham,6,5.0,1.0,0.0,0.0,0.0,0.0,0.45,0.0,9.15,22.94,34.01,36.14,0.9568,True,0.0,0.0,0.0,0.0,0.9985,0.0
LZTBI-0121,tbi_moderate,4,5.0,0.0,0.0,0.0,0.0,0.0,0.0,0.0,,,,,,True,0.0,0.0,0.0,0.0,1.0,0.0
LZTBI-0121,tbi_moderate,5,5.0,3.0,1.0,0.0,0.0,0.0,4.319,1.0,16.033333333333335,66.07,23.236666666666668,108.29,0.9559666666666667,True,0.2,0.0,0.0,0.0,0.9856033333333334,0.166667
LZTBI-0121,tbi_moderate,6,5.0,1.0,0.0,0.0,0.0,0.0,0.487,0.0,4.18,10.49,32.28,31.66,0.9501,True,0.0,0.0,0.0,0.0,0.9983766666666667,0.0
LZTBI-0122,tbi_moderate,4,5.0,1.0,1.0,0.0,0.0,0.0,2.344,1.0,43.18,80.27,41.57,53.11,0.9614,True,0.2,0.0,0.0,0.0,0.9921866666666667,0.166667
LZTBI-0122,tbi_moderate,5,5.0,1.0,1.0,0.0,0.0,0.0,2.281,1.0,23.99,45.86,42.91,84.08,0.9677,True,0.2,0.0,0.0,0.0,0.9923966666666667,0.166667
LZTBI-0122,tbi_moderate,6,5.0,1.0,0.0,0.0,0.0,0.0,0.719,0.0,8.81,18.35,23.4,38.06,0.9488,True,0.0,0.0,0.0,0.0,0.9976033333333333,0.0
LZTBI-0123,tbi_moderate,4,5.0,2.0,2.0,0.0,0.0,0.0,4.6690000000000005,1.0,31.840000000000003,65.57,28.735,91.31,0.9766,True,0.4,0.0,0.0,0.0,0.9844366666666666,0.266667
LZTBI-0123,tbi_moderate,5,5.0,0.0,0.0,0.0,0.0,0.0,0.0,0.0,,,,,,True,0.0,0.0,0.0,0.0,1.0,0.0
LZTBI-0123,tbi_moderate,6,5.0,2.0,1.0,0.0,0.0,0.0,1.9929999999999999,1.0,16.25,35.14,26.41,89.27,0.9647,True,0.2,0.0,0.0,0.0,0.9933566666666667,0.166667
LZTBI-0124,tbi_low,4,5.0,0.0,0.0,0.0,0.0,0.0,0.0,0.0,,,,,,True,0.0,0.0,0.0,0.0,1.0,0.0
LZTBI-0124,tbi_low,5,5.0,0.0,0.0,0.0,0.0,0.0,0.0,0.0,,,,,,True,0.0,0.0,0.0,0.0,1.0,0.0
LZTBI-0124,tbi_low,6,5.0,0.0,0.0,0.0,0.0,0.0,0.0,0.0,,,,,,True,0.0,0.0,0.0,0.0,1.0,0.0
LZTBI-0125,tbi_high,4,5.0,1.0,1.0,0.0,0.0,0.0,2.331,1.0,29.21,58.12,34.27,60.56,0.9705,True,0.2,0.0,0.0,0.0,0.99223,0.166667
LZTBI-0125,tbi_high,5,5.0,2.0,2.0,2.0,0.0,2.0,8.356,3.0,38.715,96.58,73.34,170.29,0.94285,True,0.4,0.4,0.0,0.4,0.9721466666666667,1.2
LZTBI-0125,tbi_high,6,5.0,3.0,2.0,1.0,0.0,1.0,4.306,3.0,21.666666666666668,81.86,48.333333333333336,148.71,0.9666666666666667,True,0.4,0.2,0.0,0.2,0.9856466666666667,0.8
LZTBI-0126,tbi_high,4,5.0,0.0,0.0,0.0,0.0,0.0,0.0,0.0,,,,,,True,0.0,0.0,0.0,0.0,1.0,0.0
LZTBI-0126,tbi_high,5,5.0,2.0,1.0,0.0,0.0,0.0,3.544,1.0,20.09,51.14,38.16,60.71,0.9548000000000001,True,0.2,0.0,0.0,0.0,0.9881866666666667,0.166667
LZTBI-0126,tbi_high,6,5.0,0.0,0.0,0.0,0.0,0.0,0.0,0.0,,,,,,True,0.0,0.0,0.0,0.0,1.0,0.0
LZTBI-0127,tbi_low,4,5.0,0.0,0.0,0.0,0.0,0.0,0.0,0.0,,,,,,True,0.0,0.0,0.0,0.0,1.0,0.0
LZTBI-0127,tbi_low,5,5.0,1.0,0.0,0.0,0.0,0.0,0.544,0.0,9.78,25.11,14.31,59.18,0.9818,True,0.0,0.0,0.0,0.0,0.9981866666666667,0.0
LZTBI-0127,tbi_low,6,5.0,1.0,1.0,0.0,0.0,0.0,1.387,1.0,40.68,91.0,30.58,108.6,0.9617,True,0.2,0.0,0.0,0.0,0.9953766666666667,0.166667
LZTBI-0128,tbi_moderate,4,5.0,2.0,1.0,0.0,0.0,0.0,1.931,1.0,22.064999999999998,71.77,25.42,96.96,0.9701,True,0.2,0.0,0.0,0.0,0.9935633333333334,0.166667
LZTBI-0128,tbi_moderate,5,5.0,2.0,0.0,0.0,0.0,0.0,1.1680000000000001,0.0,4.93,16.7,18.119999999999997,72.43,0.97095,True,0.0,0.0,0.0,0.0,0.9961066666666667,0.0
LZTBI-0128,tbi_moderate,6,5.0,5.0,5.0,3.0,2.0,1.0,20.538,3.0,45.05800000000001,98.44,54.168000000000006,175.28,0.96042,True,1.0,0.6,0.4,0.2,0.93154,1.9
LZTBI-0129,tbi_low,4,5.0,0.0,0.0,0.0,0.0,0.0,0.0,0.0,,,,,,True,0.0,0.0,0.0,0.0,1.0,0.0
LZTBI-0129,tbi_low,5,5.0,0.0,0.0,0.0,0.0,0.0,0.0,0.0,,,,,,True,0.0,0.0,0.0,0.0,1.0,0.0
LZTBI-0129,tbi_low,6,5.0,1.0,1.0,1.0,1.0,0.0,4.631,2.0,66.39,103.01,76.58,92.61,0.9563,False,0.2,0.2,0.2,0.0,0.9845633333333333,0.633333
LZTBI-0130,sham,4,5.0,1.0,0.0,0.0,0.0,0.0,0.369,0.0,11.72,21.49,33.43,50.88,0.956,True,0.0,0.0,0.0,0.0,0.99877,0.0
LZTBI-0130,sham,5,5.0,0.0,0.0,0.0,0.0,0.0,0.0,0.0,,,,,,True,0.0,0.0,0.0,0.0,1.0,0.0
LZTBI-0130,sham,6,5.0,0.0,0.0,0.0,0.0,0.0,0.0,0.0,,,,,,True,0.0,0.0,0.0,0.0,1.0,0.0
LZTBI-0131,sham,4,5.0,0.0,0.0,0.0,0.0,0.0,0.0,0.0,,,,,,True,0.0,0.0,0.0,0.0,1.0,0.0
LZTBI-0131,sham,5,5.0,0.0,0.0,0.0,0.0,0.0,0.0,0.0,,,,,,True,0.0,0.0,0.0,0.0,1.0,0.0
LZTBI-0131,sham,6,5.0,1.0,0.0,0.0,0.0,0.0,0.362,0.0,14.99,37.41,20.32,52.68,0.9567,True,0.0,0.0,0.0,0.0,0.9987933333333333,0.0
LZTBI-0132,tbi_high,4,5.0,1.0,0.0,0.0,0.0,0.0,0.431,0.0,5.99,12.15,16.73,36.76,0.9782,True,0.0,0.0,0.0,0.0,0.9985633333333334,0.0
LZTBI-0132,tbi_high,5,5.0,0.0,0.0,0.0,0.0,0.0,0.0,0.0,,,,,,True,0.0,0.0,0.0,0.0,1.0,0.0
LZTBI-0132,tbi_high,6,5.0,2.0,2.0,2.0,1.0,1.0,13.318000000000001,3.0,41.83,114.58,77.66,164.15,0.96045,True,0.4,0.4,0.2,0.2,0.9556066666666667,1.2
LZTBI-0133,tbi_high,4,5.0,0.0,0.0,0.0,0.0,0.0,0.0,0.0,,,,,,True,0.0,0.0,0.0,0.0,1.0,0.0
LZTBI-0133,tbi_high,5,5.0,0.0,0.0,0.0,0.0,0.0,0.0,0.0,,,,,,True,0.0,0.0,0.0,0.0,1.0,0.0
LZTBI-0133,tbi_high,6,5.0,3.0,2.0,2.0,0.0,2.0,9.149999999999999,3.0,23.846666666666668,90.7,58.953333333333326,164.83,0.9556999999999999,True,0.4,0.4,0.0,0.4,0.9695,1.2
LZTBI-0134,tbi_high,4,5.0,0.0,0.0,0.0,0.0,0.0,0.0,0.0,,,,,,True,0.0,0.0,0.0,0.0,1.0,0.0
LZTBI-0134,tbi_high,5,5.0,2.0,0.0,0.0,0.0,0.0,1.138,0.0,9.42,31.33,21.685000000000002,57.52,0.9763,True,0.0,0.0,0.0,0.0,0.9962066666666667,0.0
LZTBI-0134,tbi_high,6,5.0,2.0,2.0,2.0,1.0,1.0,12.412,3.0,50.010000000000005,108.42,68.655,124.96,0.96585,True,0.4,0.4,0.2,0.2,0.9586266666666666,1.2
LZTBI-0135,tbi_low,4,5.0,1.0,0.0,0.0,0.0,0.0,0.256,0.0,2.75,7.0,8.71,52.97,0.9551,True,0.0,0.0,0.0,0.0,0.9991466666666666,0.0
LZTBI-0135,tbi_low,5,5.0,0.0,0.0,0.0,0.0,0.0,0.0,0.0,,,,,,True,0.0,0.0,0.0,0.0,1.0,0.0
LZTBI-0135,tbi_low,6,5.0,4.0,4.0,2.0,2.0,0.0,17.657,2.0,43.285,91.37,43.965,140.03,0.96035,True,0.8,0.4,0.4,0.0,0.9411433333333333,1.333333
LZTBI-0136,sham,4,5.0,0.0,0.0,0.0,0.0,0.0,0.0,0.0,,,,,,True,0.0,0.0,0.0,0.0,1.0,0.0
LZTBI-0136,sham,5,5.0,0.0,0.0,0.0,0.0,0.0,0.0,0.0,,,,,,True,0.0,0.0,0.0,0.0,1.0,0.0
LZTBI-0136,sham,6,5.0,0.0,0.0,0.0,0.0,0.0,0.0,0.0,,,,,,True,0.0,0.0,0.0,0.0,1.0,0.0
LZTBI-0137,tbi_low,4,5.0,0.0,0.0,0.0,0.0,0.0,0.0,0.0,,,,,,True,0.0,0.0,0.0,0.0,1.0,0.0
LZTBI-0137,tbi_low,5,5.0,0.0,0.0,0.0,0.0,0.0,0.0,0.0,,,,,,True,0.0,0.0,0.0,0.0,1.0,0.0
LZTBI-0137,tbi_low,6,5.0,0.0,0.0,0.0,0.0,0.0,0.0,0.0,,,,,,True,0.0,0.0,0.0,0.0,1.0,0.0
LZTBI-0138,tbi_high,4,5.0,2.0,1.0,0.0,0.0,0.0,1.963,1.0,19.75,51.78,31.25,103.83,0.9819,True,0.2,0.0,0.0,0.0,0.9934566666666667,0.166667
LZTBI-0138,tbi_high,5,5.0,1.0,0.0,0.0,0.0,0.0,0.806,0.0,7.72,12.51,12.23,45.39,0.9492,True,0.0,0.0,0.0,0.0,0.9973133333333334,0.0
LZTBI-0138,tbi_high,6,5.0,1.0,1.0,0.0,0.0,0.0,2.181,1.0,31.91,50.77,27.75,92.6,0.9681,True,0.2,0.0,0.0,0.0,0.99273,0.166667
LZTBI-0139,tbi_moderate,4,5.0,1.0,1.0,0.0,0.0,0.0,1.925,1.0,27.38,47.51,32.64,91.41,0.9536,True,0.2,0.0,0.0,0.0,0.9935833333333334,0.166667
LZTBI-0139,tbi_moderate,5,5.0,1.0,0.0,0.0,0.0,0.0,0.381,0.0,12.63,26.92,19.77,27.05,0.9599,True,0.0,0.0,0.0,0.0,0.99873,0.0
LZTBI-0139,tbi_moderate,6,5.0,0.0,0.0,0.0,0.0,0.0,0.0,0.0,,,,,,True,0.0,0.0,0.0,0.0,1.0,0.0
LZTBI-0140,tbi_moderate,4,5.0,1.0,0.0,0.0,0.0,0.0,0.656,0.0,13.32,29.56,17.88,82.37,0.9615,True,0.0,0.0,0.0,0.0,0.9978133333333333,0.0
LZTBI-0140,tbi_moderate,5,5.0,2.0,1.0,0.0,0.0,0.0,1.9380000000000002,1.0,19.7,46.74,34.19,119.33,0.97,True,0.2,0.0,0.0,0.0,0.99354,0.166667
LZTBI-0140,tbi_moderate,6,5.0,0.0,0.0,0.0,0.0,0.0,0.0,0.0,,,,,,True,0.0,0.0,0.0,0.0,1.0,0.0
LZTBI-0141,tbi_low,4,5.0,1.0,0.0,0.0,0.0,0.0,0.337,0.0,4.85,9.86,18.06,60.11,0.9661,True,0.0,0.0,0.0,0.0,0.9988766666666666,0.0
LZTBI-0141,tbi_low,5,5.0,2.0,1.0,0.0,0.0,0.0,3.894,1.0,19.13,65.97,21.55,96.88,0.9630000000000001,True,0.2,0.0,0.0,0.0,0.98702,0.166667
LZTBI-0141,tbi_low,6,5.0,1.0,1.0,0.0,0.0,0.0,0.981,1.0,43.2,78.74,34.33,78.72,0.9787,True,0.2,0.0,0.0,0.0,0.99673,0.166667
LZTBI-0142,tbi_low,4,5.0,1.0,1.0,0.0,0.0,0.0,1.738,1.0,32.07,65.87,52.25,96.74,0.9577,True,0.2,0.0,0.0,0.0,0.9942066666666667,0.166667
LZTBI-0142,tbi_low,5,5.0,0.0,0.0,0.0,0.0,0.0,0.0,0.0,,,,,,True,0.0,0.0,0.0,0.0,1.0,0.0
LZTBI-0142,tbi_low,6,5.0,0.0,0.0,0.0,0.0,0.0,0.0,0.0,,,,,,True,0.0,0.0,0.0,0.0,1.0,0.0
LZTBI-0143,tbi_high,4,5.0,1.0,0.0,0.0,0.0,0.0,0.388,0.0,12.63,25.9,29.23,29.58,0.951,True,0.0,0.0,0.0,0.0,0.9987066666666666,0.0
LZTBI-0143,tbi_high,5,5.0,1.0,1.0,0.0,0.0,0.0,1.463,1.0,30.39,51.02,45.47,94.34,0.9837,True,0.2,0.0,0.0,0.0,0.9951233333333334,0.166667
LZTBI-0143,tbi_high,6,5.0,0.0,0.0,0.0,0.0,0.0,0.0,0.0,,,,,,True,0.0,0.0,0.0,0.0,1.0,0.0
LZTBI-0144,sham,4,5.0,1.0,0.0,0.0,0.0,0.0,0.475,0.0,12.98,23.11,25.0,75.2,0.9508,True,0.0,0.0,0.0,0.0,0.9984166666666666,0.0
LZTBI-0144,sham,5,5.0,0.0,0.0,0.0,0.0,0.0,0.0,0.0,,,,,,True,0.0,0.0,0.0,0.0,1.0,0.0
LZTBI-0144,sham,6,5.0,0.0,0.0,0.0,0.0,0.0,0.0,0.0,,,,,,True,0.0,0.0,0.0,0.0,1.0,0.0
LZTBI-0145,sham,4,5.0,0.0,0.0,0.0,0.0,0.0,0.0,0.0,,,,,,True,0.0,0.0,0.0,0.0,1.0,0.0
LZTBI-0145,sham,5,5.0,0.0,0.0,0.0,0.0,0.0,0.0,0.0,,,,,,True,0.0,0.0,0.0,0.0,1.0,0.0
LZTBI-0145,sham,6,5.0,2.0,1.0,0.0,0.0,0.0,3.906,1.0,21.955000000000002,50.45,27.45,103.77,0.97065,True,0.2,0.0,0.0,0.0,0.98698,0.166667
LZTBI-0146,tbi_high,4,5.0,1.0,0.0,0.0,0.0,0.0,0.213,0.0,4.47,11.15,17.25,45.73,0.9737,True,0.0,0.0,0.0,0.0,0.99929,0.0
LZTBI-0146,tbi_high,5,5.0,1.0,0.0,0.0,0.0,0.0,0.919,0.0,8.22,21.14,18.23,72.4,0.98,True,0.0,0.0,0.0,0.0,0.9969366666666667,0.0
LZTBI-0146,tbi_high,6,5.0,0.0,0.0,0.0,0.0,0.0,0.0,0.0,,,,,,True,0.0,0.0,0.0,0.0,1.0,0.0
LZTBI-0147,tbi_low,4,5.0,0.0,0.0,0.0,0.0,0.0,0.0,0.0,,,,,,True,0.0,0.0,0.0,0.0,1.0,0.0
LZTBI-0147,tbi_low,5,5.0,1.0,0.0,0.0,0.0,0.0,0.769,0.0,2.0,7.0,11.74,84.63,0.9808,True,0.0,0.0,0.0,0.0,0.9974366666666666,0.0
LZTBI-0148,tbi_high,4,5.0,1.0,1.0,1.0,0.0,1.0,7.325,3.0,55.11,107.72,66.65,136.73,0.9766,True,0.2,0.2,0.0,0.2,0.9755833333333334,0.7
LZTBI-0148,tbi_high,5,5.0,4.0,4.0,4.0,2.0,2.0,22.074,3.0,49.2275,107.58,71.1075,138.57,0.965725,True,0.8,0.8,0.4,0.4,0.92642,2.2
LZTBI-0148,tbi_high,6,5.0,3.0,2.0,2.0,0.0,2.0,12.575,3.0,24.183333333333337,92.44,48.413333333333334,164.33,0.9532333333333334,True,0.4,0.4,0.0,0.4,0.9580833333333333,1.2
LZTBI-0149,tbi_moderate,4,5.0,0.0,0.0,0.0,0.0,0.0,0.0,0.0,,,,,,True,0.0,0.0,0.0,0.0,1.0,0.0
LZTBI-0149,tbi_moderate,5,5.0,1.0,1.0,0.0,0.0,0.0,1.5,1.0,21.55,29.19,33.54,88.62,0.9816,True,0.2,0.0,0.0,0.0,0.995,0.166667
LZTBI-0149,tbi_moderate,6,5.0,1.0,0.0,0.0,0.0,0.0,0.213,0.0,2.71,7.0,22.41,77.99,0.9615,True,0.0,0.0,0.0,0.0,0.99929,0.0
LZTBI-0150,tbi_high,4,5.0,0.0,0.0,0.0,0.0,0.0,0.0,0.0,,,,,,True,0.0,0.0,0.0,0.0,1.0,0.0
LZTBI-0150,tbi_high,5,5.0,0.0,0.0,0.0,0.0,0.0,0.0,0.0,,,,,,True,0.0,0.0,0.0,0.0,1.0,0.0
LZTBI-0150,tbi_high,6,5.0,2.0,2.0,2.0,1.0,1.0,7.425,3.0,34.675,103.65,48.3,144.69,0.96715,True,0.4,0.4,0.2,0.2,0.97525,1.2
LZTBI-0151,tbi_high,4,5.0,0.0,0.0,0.0,0.0,0.0,0.0,0.0,,,,,,True,0.0,0.0,0.0,0.0,1.0,0.0
LZTBI-0151,tbi_high,5,5.0,1.0,1.0,0.0,0.0,0.0,2.975,1.0,33.19,67.58,36.41,77.62,0.9844,True,0.2,0.0,0.0,0.0,0.9900833333333333,0.166667
LZTBI-0151,tbi_high,6,5.0,4.0,4.0,2.0,2.0,0.0,11.219,2.0,46.515,92.79,56.5025,140.84,0.9595,True,0.8,0.4,0.4,0.0,0.9626033333333334,1.333333
LZTBI-0152,tbi_moderate,4,5.0,0.0,0.0,0.0,0.0,0.0,0.0,0.0,,,,,,True,0.0,0.0,0.0,0.0,1.0,0.0
LZTBI-0152,tbi_moderate,5,5.0,0.0,0.0,0.0,0.0,0.0,0.0,0.0,,,,,,True,0.0,0.0,0.0,0.0,1.0,0.0
LZTBI-0152,tbi_moderate,6,5.0,1.0,0.0,0.0,0.0,0.0,0.731,0.0,9.82,24.99,12.66,39.47,0.9578,True,0.0,0.0,0.0,0.0,0.9975633333333334,0.0
LZTBI-0153,tbi_moderate,4,5.0,0.0,0.0,0.0,0.0,0.0,0.0,0.0,,,,,,True,0.0,0.0,0.0,0.0,1.0,0.0
LZTBI-0153,tbi_moderate,5,5.0,1.0,0.0,0.0,0.0,0.0,0.556,0.0,13.38,33.19,24.26,54.13,0.9639,True,0.0,0.0,0.0,0.0,0.9981466666666666,0.0
LZTBI-0153,tbi_moderate,6,5.0,0.0,0.0,0.0,0.0,0.0,0.0,0.0,,,,,,True,0.0,0.0,0.0,0.0,1.0,0.0
LZTBI-0154,tbi_moderate,4,5.0,2.0,0.0,0.0,0.0,0.0,1.112,0.0,8.870000000000001,19.42,15.98,83.24,0.9641,True,0.0,0.0,0.0,0.0,0.9962933333333334,0.0
LZTBI-0154,tbi_moderate,5,5.0,0.0,0.0,0.0,0.0,0.0,0.0,0.0,,,,,,True,0.0,0.0,0.0,0.0,1.0,0.0
LZTBI-0154,tbi_moderate,6,5.0,0.0,0.0,0.0,0.0,0.0,0.0,0.0,,,,,,True,0.0,0.0,0.0,0.0,1.0,0.0
LZTBI-0155,sham,4,5.0,1.0,0.0,0.0,0.0,0.0,0.262,0.0,3.97,8.98,20.21,35.0,0.9745,True,0.0,0.0,0.0,0.0,0.9991266666666667,0.0
LZTBI-0155,sham,5,5.0,1.0,0.0,0.0,0.0,0.0,0.3,0.0,8.57,20.05,21.2,61.67,0.9808,True,0.0,0.0,0.0,0.0,0.999,0.0
LZTBI-0155,sham,6,5.0,0.0,0.0,0.0,0.0,0.0,0.0,0.0,,,,,,True,0.0,0.0,0.0,0.0,1.0,0.0
LZTBI-0156,tbi_high,4,5.0,1.0,1.0,1.0,0.0,1.0,2.169,3.0,38.86,88.95,98.63,137.49,0.9567,True,0.2,0.2,0.0,0.2,0.99277,0.7
LZTBI-0156,tbi_high,5,5.0,2.0,2.0,2.0,1.0,1.0,10.281,3.0,34.0,114.04,69.095,135.23,0.94705,True,0.4,0.4,0.2,0.2,0.96573,1.2
LZTBI-0156,tbi_high,6,5.0,1.0,0.0,0.0,0.0,0.0,0.75,0.0,17.17,38.09,22.91,44.96,0.979,True,0.0,0.0,0.0,0.0,0.9975,0.0
LZTBI-0157,sham,4,5.0,1.0,1.0,1.0,1.0,0.0,5.963,2.0,61.31,105.31,62.2,89.71,0.9542,True,0.2,0.2,0.2,0.0,0.9801233333333333,0.633333
LZTBI-0157,sham,5,5.0,0.0,0.0,0.0,0.0,0.0,0.0,0.0,,,,,,True,0.0,0.0,0.0,0.0,1.0,0.0
LZTBI-0157,sham,6,5.0,3.0,2.0,2.0,1.0,1.0,8.25,3.0,25.98,92.1,63.75,164.32,0.9709333333333333,True,0.4,0.4,0.2,0.2,0.9725,1.2
LZTBI-0158,tbi_low,4,5.0,1.0,1.0,0.0,0.0,0.0,3.138,1.0,38.42,75.59,20.99,107.05,0.9839,True,0.2,0.0,0.0,0.0,0.98954,0.166667
LZTBI-0158,tbi_low,5,5.0,0.0,0.0,0.0,0.0,0.0,0.0,0.0,,,,,,True,0.0,0.0,0.0,0.0,1.0,0.0
LZTBI-0158,tbi_low,6,5.0,1.0,0.0,0.0,0.0,0.0,0.894,0.0,2.73,7.0,8.23,84.51,0.9713,True,0.0,0.0,0.0,0.0,0.99702,0.0
LZTBI-0159,tbi_moderate,4,5.0,4.0,3.0,0.0,0.0,0.0,6.113,1.0,18.142500000000002,50.39,32.7025,75.39,0.9598,True,0.6,0.0,0.0,0.0,0.9796233333333333,0.366667
LZTBI-0159,tbi_moderate,5,5.0,1.0,0.0,0.0,0.0,0.0,0.787,0.0,7.75,16.43,24.73,59.86,0.9837,True,0.0,0.0,0.0,0.0,0.9973766666666667,0.0
LZTBI-0159,tbi_moderate,6,5.0,2.0,2.0,0.0,0.0,0.0,3.3129999999999997,1.0,21.79,51.03,34.675,106.5,0.9658,True,0.4,0.0,0.0,0.0,0.9889566666666667,0.266667
LZTBI-0160,tbi_low,4,5.0,3.0,0.0,0.0,0.0,0.0,1.4689999999999999,0.0,10.243333333333334,37.94,20.48333333333333,84.29,0.9598333333333334,True,0.0,0.0,0.0,0.0,0.9951033333333333,0.0
LZTBI-0160,tbi_low,5,5.0,1.0,1.0,1.0,1.0,0.0,3.194,2.0,57.85,78.6,75.57,84.06,0.9478,True,0.2,0.2,0.2,0.0,0.9893533333333333,0.633333
LZTBI-0160,tbi_low,6,5.0,2.0,2.0,2.0,1.0,1.0,13.75,3.0,45.495,110.49,59.295,133.66,0.96375,True,0.4,0.4,0.2,0.2,0.9541666666666667,1.2
LZTBI-0161,tbi_low,4,5.0,1.0,1.0,0.0,0.0,0.0,2.175,1.0,30.33,49.07,52.3,108.36,0.953,True,0.2,0.0,0.0,0.0,0.99275,0.166667
LZTBI-0161,tbi_low,5,5.0,0.0,0.0,0.0,0.0,0.0,0.0,0.0,,,,,,True,0.0,0.0,0.0,0.0,1.0,0.0
LZTBI-0161,tbi_low,6,5.0,0.0,0.0,0.0,0.0,0.0,0.0,0.0,,,,,,True,0.0,0.0,0.0,0.0,1.0,0.0
LZTBI-0162,tbi_low,4,5.0,1.0,1.0,0.0,0.0,0.0,3.05,1.0,19.75,30.43,24.33,101.32,0.978,True,0.2,0.0,0.0,0.0,0.9898333333333333,0.166667
LZTBI-0162,tbi_low,5,5.0,0.0,0.0,0.0,0.0,0.0,0.0,0.0,,,,,,True,0.0,0.0,0.0,0.0,1.0,0.0
LZTBI-0162,tbi_low,6,5.0,1.0,0.0,0.0,0.0,0.0,0.975,0.0,6.72,10.91,10.7,79.58,0.9654,True,0.0,0.0,0.0,0.0,0.99675,0.0
LZTBI-0163,tbi_high,4,5.0,1.0,0.0,0.0,0.0,0.0,0.363,0.0,3.55,9.73,11.54,66.53,0.967,True,0.0,0.0,0.0,0.0,0.99879,0.0
LZTBI-0163,tbi_high,5,5.0,0.0,0.0,0.0,0.0,0.0,0.0,0.0,,,,,,True,0.0,0.0,0.0,0.0,1.0,0.0
LZTBI-0163,tbi_high,6,5.0,0.0,0.0,0.0,0.0,0.0,0.0,0.0,,,,,,True,0.0,0.0,0.0,0.0,1.0,0.0
LZTBI-0164,sham,4,5.0,1.0,1.0,0.0,0.0,0.0,0.619,1.0,22.99,37.13,40.66,71.96,0.9825,True,0.2,0.0,0.0,0.0,0.9979366666666667,0.166667
LZTBI-0164,sham,5,5.0,0.0,0.0,0.0,0.0,0.0,0.0,0.0,,,,,,True,0.0,0.0,0.0,0.0,1.0,0.0
LZTBI-0164,sham,6,5.0,0.0,0.0,0.0,0.0,0.0,0.0,0.0,,,,,,True,0.0,0.0,0.0,0.0,1.0,0.0
LZTBI-0165,tbi_high,4,5.0,7.0,4.0,4.0,3.0,1.0,18.669,3.0,34.15571428571429,89.51,43.83,158.92,0.9622142857142857,True,0.8,0.8,0.6,0.2,0.93777,2.2
LZTBI-0165,tbi_high,5,5.0,1.0,0.0,0.0,0.0,0.0,0.344,0.0,7.84,17.69,35.29,63.92,0.9783,True,0.0,0.0,0.0,0.0,0.9988533333333334,0.0
LZTBI-0165,tbi_high,6,5.0,2.0,2.0,2.0,0.0,2.0,8.619,3.0,41.16,80.36,50.875,159.32,0.9723999999999999,True,0.4,0.4,0.0,0.4,0.97127,1.2
LZTBI-0166,sham,4,5.0,0.0,0.0,0.0,0.0,0.0,0.0,0.0,,,,,,True,0.0,0.0,0.0,0.0,1.0,0.0
LZTBI-0166,sham,5,5.0,0.0,0.0,0.0,0.0,0.0,0.0,0.0,,,,,,True,0.0,0.0,0.0,0.0,1.0,0.0
LZTBI-0166,sham,6,5.0,0.0,0.0,0.0,0.0,0.0,0.0,0.0,,,,,,True,0.0,0.0,0.0,0.0,1.0,0.0
LZTBI-0167,sham,4,5.0,0.0,0.0,0.0,0.0,0.0,0.0,0.0,,,,,,True,0.0,0.0,0.0,0.0,1.0,0.0
LZTBI-0167,sham,5,5.0,0.0,0.0,0.0,0.0,0.0,0.0,0.0,,,,,,True,0.0,0.0,0.0,0.0,1.0,0.0
LZTBI-0167,sham,6,5.0,1.0,0.0,0.0,0.0,0.0,0.356,0.0,13.16,25.78,15.12,60.85,0.9465,True,0.0,0.0,0.0,0.0,0.9988133333333333,0.0
LZTBI-0168,tbi_low,4,5.0,1.0,0.0,0.0,0.0,0.0,0.638,0.0,3.21,7.9,35.3,83.46,0.9845,True,0.0,0.0,0.0,0.0,0.9978733333333333,0.0
LZTBI-0168,tbi_low,5,5.0,2.0,0.0,0.0,0.0,0.0,1.088,0.0,9.655000000000001,22.22,10.0,76.45,0.9531499999999999,True,0.0,0.0,0.0,0.0,0.9963733333333333,0.0
LZTBI-0168,tbi_low,6,5.0,0.0,0.0,0.0,0.0,0.0,0.0,0.0,,,,,,True,0.0,0.0,0.0,0.0,1.0,0.0
LZTBI-0169,tbi_high,4,5.0,0.0,0.0,0.0,0.0,0.0,0.0,0.0,,,,,,True,0.0,0.0,0.0,0.0,1.0,0.0
LZTBI-0169,tbi_high,5,5.0,1.0,1.0,0.0,0.0,0.0,1.037,1.0,34.84,51.64,50.31,88.5,0.9465,True,0.2,0.0,0.0,0.0,0.9965433333333333,0.166667
LZTBI-0169,tbi_high,6,5.0,1.0,0.0,0.0,0.0,0.0,0.375,0.0,7.95,12.84,30.82,33.21,0.9792,True,0.0,0.0,0.0,0.0,0.99875,0.0
LZTBI-0170,tbi_moderate,4,5.0,0.0,0.0,0.0,0.0,0.0,0.0,0.0,,,,,,True,0.0,0.0,0.0,0.0,1.0,0.0
LZTBI-0170,tbi_moderate,5,5.0,0.0,0.0,0.0,0.0,0.0,0.0,0.0,,,,,,True,0.0,0.0,0.0,0.0,1.0,0.0
LZTBI-0170,tbi_moderate,6,5.0,1.0,1.0,0.0,0.0,0.0,1.331,1.0,43.81,68.83,51.61,53.89,0.9477,True,0.2,0.0,0.0,0.0,0.9955633333333334,0.166667
LZTBI-0171,tbi_high,4,5.0,2.0,0.0,0.0,0.0,0.0,1.025,0.0,8.68,28.15,16.425,86.31,0.9653,True,0.0,0.0,0.0,0.0,0.9965833333333334,0.0
LZTBI-0171,tbi_high,5,5.0,0.0,0.0,0.0,0.0,0.0,0.0,0.0,,,,,,True,0.0,0.0,0.0,0.0,1.0,0.0
LZTBI-0171,tbi_high,6,5.0,0.0,0.0,0.0,0.0,0.0,0.0,0.0,,,,,,True,0.0,0.0,0.0,0.0,1.0,0.0
LZTBI-0172,tbi_high,4,5.0,1.0,0.0,0.0,0.0,0.0,0.531,0.0,10.1,16.59,31.41,79.03,0.9625,True,0.0,0.0,0.0,0.0,0.99823,0.0
LZTBI-0172,tbi_high,5,5.0,1.0,0.0,0.0,0.0,0.0,0.531,0.0,7.62,11.94,30.42,52.36,0.9562,True,0.0,0.0,0.0,0.0,0.99823,0.0
LZTBI-0172,tbi_high,6,5.0,0.0,0.0,0.0,0.0,0.0,0.0,0.0,,,,,,True,0.0,0.0,0.0,0.0,1.0,0.0
LZTBI-0173,tbi_low,4,5.0,1.0,0.0,0.0,0.0,0.0,0.369,0.0,4.67,12.32,20.72,45.81,0.9545,True,0.0,0.0,0.0,0.0,0.99877,0.0
LZTBI-0173,tbi_low,5,5.0,2.0,1.0,0.0,0.0,0.0,3.6380000000000003,1.0,22.16,63.0,37.96,77.52,0.97415,True,0.2,0.0,0.0,0.0,0.9878733333333334,0.166667
LZTBI-0173,tbi_low,6,5.0,0.0,0.0,0.0,0.0,0.0,0.0,0.0,,,,,,True,0.0,0.0,0.0,0.0,1.0,0.0
LZTBI-0174,tbi_moderate,4,5.0,6.0,5.0,4.0,3.0,1.0,28.993,3.0,40.526666666666664,101.33,54.223333333333336,126.1,0.9653333333333333,True,1.0,0.8,0.6,0.2,0.9033566666666667,2.3
LZTBI-0174,tbi_moderate,5,5.0,5.0,3.0,3.0,3.0,0.0,17.401,2.0,28.997999999999998,74.6,37.588,115.57,0.9620599999999999,True,0.6,0.6,0.6,0.0,0.9419966666666667,1.633333
LZTBI-0174,tbi_moderate,6,5.0,3.0,3.0,3.0,1.0,2.0,15.212,3.0,51.846666666666664,110.57,61.82666666666666,165.67,0.9631333333333334,True,0.6,0.6,0.2,0.4,0.9492933333333333,1.7
LZTBI-0175,sham,4,5.0,1.0,0.0,0.0,0.0,0.0,0.581,0.0,5.22,9.37,25.27,37.12,0.9804,True,0.0,0.0,0.0,0.0,0.9980633333333333,0.0
LZTBI-0175,sham,5,5.0,3.0,0.0,0.0,0.0,0.0,0.976,0.0,7.073333333333333,36.39,19.636666666666667,44.67,0.9709333333333333,True,0.0,0.0,0.0,0.0,0.9967466666666667,0.0
LZTBI-0175,sham,6,5.0,0.0,0.0,0.0,0.0,0.0,0.0,0.0,,,,,,True,0.0,0.0,0.0,0.0,1.0,0.0
LZTBI-0176,tbi_moderate,4,5.0,2.0,1.0,0.0,0.0,0.0,2.025,1.0,26.634999999999998,71.53,15.225,72.81,0.9561999999999999,True,0.2,0.0,0.0,0.0,0.99325,0.166667
LZTBI-0176,tbi_moderate,5,5.0,1.0,1.0,1.0,1.0,0.0,3.188,2.0,66.38,90.65,35.73,140.31,0.9712,True,0.2,0.2,0.2,0.0,0.9893733333333333,0.633333
LZTBI-0176,tbi_moderate,6,5.0,1.0,1.0,0.0,0.0,0.0,1.625,1.0,35.35,49.66,55.26,86.05,0.965,True,0.2,0.0,0.0,0.0,0.9945833333333334,0.166667
LZTBI-0177,tbi_high,4,5.0,0.0,0.0,0.0,0.0,0.0,0.0,0.0,,,,,,True,0.0,0.0,0.0,0.0,1.0,0.0
LZTBI-0177,tbi_high,5,5.0,0.0,0.0,0.0,0.0,0.0,0.0,0.0,,,,,,True,0.0,0.0,0.0,0.0,1.0,0.0
LZTBI-0177,tbi_high,6,5.0,1.0,0.0,0.0,0.0,0.0,0.606,0.0,5.8,9.24,12.25,68.86,0.969,True,0.0,0.0,0.0,0.0,0.99798,0.0
LZTBI-0178,tbi_low,4,5.0,2.0,2.0,2.0,2.0,0.0,5.994,2.0,51.730000000000004,116.8,39.4,132.8,0.975,True,0.4,0.4,0.4,0.0,0.98002,1.133333
LZTBI-0178,tbi_low,5,5.0,3.0,3.0,2.0,2.0,0.0,11.244,2.0,48.85,83.68,40.77333333333333,124.61,0.9641333333333333,True,0.6,0.4,0.4,0.0,0.96252,1.233333
LZTBI-0178,tbi_low,6,5.0,1.0,0.0,0.0,0.0,0.0,0.431,0.0,14.59,38.85,23.65,45.27,0.9743,True,0.0,0.0,0.0,0.0,0.9985633333333334,0.0
LZTBI-0179,tbi_high,4,5.0,5.0,5.0,4.0,2.0,2.0,24.357999999999997,3.0,45.134,116.8,73.338,173.49,0.9571799999999999,True,1.0,0.8,0.4,0.4,0.9188066666666667,2.3
LZTBI-0179,tbi_high,5,5.0,1.0,1.0,1.0,1.0,0.0,6.294,2.0,73.44,103.62,76.95,96.62,0.9758,True,0.2,0.2,0.2,0.0,0.97902,0.633333
LZTBI-0179,tbi_high,6,5.0,2.0,1.0,0.0,0.0,0.0,3.463,1.0,12.93,28.0,34.595,74.24,0.9555499999999999,True,0.2,0.0,0.0,0.0,0.9884566666666667,0.166667
LZTBI-0180,tbi_moderate,4,5.0,0.0,0.0,0.0,0.0,0.0,0.0,0.0,,,,,,True,0.0,0.0,0.0,0.0,1.0,0.0
LZTBI-0180,tbi_moderate,5,5.0,2.0,1.0,0.0,0.0,0.0,4.712,1.0,24.205000000000002,63.75,17.68,90.34,0.95875,True,0.2,0.0,0.0,0.0,0.9842933333333334,0.166667
LZTBI-0180,tbi_moderate,6,5.0,3.0,3.0,2.0,0.0,2.0,7.994,3.0,37.82666666666667,83.83,71.39333333333333,132.2,0.9565,True,0.6,0.4,0.0,0.4,0.9733533333333333,1.3
LZTBI-0181,sham,4,5.0,2.0,0.0,0.0,0.0,0.0,1.387,0.0,14.155000000000001,36.47,20.665,75.38,0.9653499999999999,True,0.0,0.0,0.0,0.0,0.9953766666666667,0.0
LZTBI-0181,sham,5,5.0,1.0,0.0,0.0,0.0,0.0,0.669,0.0,6.86,18.82,29.77,82.12,0.9844,True,0.0,0.0,0.0,0.0,0.99777,0.0
LZTBI-0181,sham,6,5.0,0.0,0.0,0.0,0.0,0.0,0.0,0.0,,,,,,True,0.0,0.0,0.0,0.0,1.0,0.0
LZTBI-0182,tbi_high,4,5.0,0.0,0.0,0.0,0.0,0.0,0.0,0.0,,,,,,True,0.0,0.0,0.0,0.0,1.0,0.0
LZTBI-0182,tbi_high,5,5.0,1.0,1.0,0.0,0.0,0.0,1.688,1.0,42.36,88.86,39.41,76.3,0.9533,True,0.2,0.0,0.0,0.0,0.9943733333333333,0.166667
LZTBI-0182,tbi_high,6,5.0,1.0,0.0,0.0,0.0,0.0,0.45,0.0,8.41,22.33,24.76,76.04,0.9596,True,0.0,0.0,0.0,0.0,0.9985,0.0
LZTBI-0183,tbi_moderate,4,5.0,2.0,2.0,0.0,0.0,0.0,6.149,1.0,20.385,42.84,44.805,106.55,0.9576,True,0.4,0.0,0.0,0.0,0.9795033333333333,0.266667
LZTBI-0183,tbi_moderate,5,5.0,0.0,0.0,0.0,0.0,0.0,0.0,0.0,,,,,,True,0.0,0.0,0.0,0.0,1.0,0.0
LZTBI-0183,tbi_moderate,6,5.0,0.0,0.0,0.0,0.0,0.0,0.0,0.0,,,,,,True,0.0,0.0,0.0,0.0,1.0,0.0
LZTBI-0184,tbi_low,4,5.0,1.0,0.0,0.0,0.0,0.0,0.544,0.0,6.13,14.77,12.03,34.02,0.9704,True,0.0,0.0,0.0,0.0,0.9981866666666667,0.0
LZTBI-0184,tbi_low,5,5.0,0.0,0.0,0.0,0.0,0.0,0.0,0.0,,,,,,True,0.0,0.0,0.0,0.0,1.0,0.0
LZTBI-0184,tbi_low,6,5.0,2.0,2.0,1.0,1.0,0.0,4.818,2.0,44.410000000000004,97.23,28.85,96.8,0.95715,False,0.4,0.2,0.2,0.0,0.98394,0.733333
LZTBI-0185,tbi_low,4,5.0,0.0,0.0,0.0,0.0,0.0,0.0,0.0,,,,,,True,0.0,0.0,0.0,0.0,1.0,0.0
LZTBI-0185,tbi_low,5,5.0,0.0,0.0,0.0,0.0,0.0,0.0,0.0,,,,,,True,0.0,0.0,0.0,0.0,1.0,0.0
LZTBI-0185,tbi_low,6,5.0,1.0,0.0,0.0,0.0,0.0,0.719,0.0,13.85,26.1,25.72,37.56,0.9489,True,0.0,0.0,0.0,0.0,0.9976033333333333,0.0
LZTBI-0186,tbi_low,4,5.0,1.0,1.0,0.0,0.0,0.0,1.881,1.0,20.87,36.39,38.15,70.35,0.9535,True,0.2,0.0,0.0,0.0,0.99373,0.166667
LZTBI-0186,tbi_low,5,5.0,0.0,0.0,0.0,0.0,0.0,0.0,0.0,,,,,,True,0.0,0.0,0.0,0.0,1.0,0.0
LZTBI-0186,tbi_low,6,5.0,0.0,0.0,0.0,0.0,0.0,0.0,0.0,,,,,,True,0.0,0.0,0.0,0.0,1.0,0.0
LZTBI-0187,tbi_low,4,5.0,2.0,2.0,1.0,1.0,0.0,3.669,2.0,46.894999999999996,79.31,46.79,102.98,0.9559500000000001,False,0.4,0.2,0.2,0.0,0.98777,0.733333
LZTBI-0187,tbi_low,5,5.0,2.0,1.0,0.0,0.0,0.0,2.925,1.0,15.985000000000001,50.89,34.1,80.8,0.9669,True,0.2,0.0,0.0,0.0,0.99025,0.166667
LZTBI-0188,tbi_low,4,5.0,1.0,0.0,0.0,0.0,0.0,0.806,0.0,9.19,21.61,32.51,71.8,0.9536,True,0.0,0.0,0.0,0.0,0.9973133333333334,0.0
LZTBI-0188,tbi_low,5,5.0,1.0,1.0,0.0,0.0,0.0,2.856,1.0,41.39,82.45,52.59,61.32,0.9599,True,0.2,0.0,0.0,0.0,0.99048,0.166667
LZTBI-0188,tbi_low,6,5.0,0.0,0.0,0.0,0.0,0.0,0.0,0.0,,,,,,True,0.0,0.0,0.0,0.0,1.0,0.0
LZTBI-0189,tbi_moderate,4,5.0,3.0,0.0,0.0,0.0,0.0,1.487,0.0,11.376666666666667,27.72,24.69666666666667,60.09,0.9664,True,0.0,0.0,0.0,0.0,0.9950433333333333,0.0
LZTBI-0189,tbi_moderate,5,5.0,0.0,0.0,0.0,0.0,0.0,0.0,0.0,,,,,,True,0.0,0.0,0.0,0.0,1.0,0.0
LZTBI-0189,tbi_moderate,6,5.0,1.0,1.0,1.0,1.0,0.0,2.125,2.0,30.25,53.47,52.86,117.17,0.9543,False,0.2,0.2,0.2,0.0,0.9929166666666667,0.633333
LZTBI-0190,sham,4,5.0,0.0,0.0,0.0,0.0,0.0,0.0,0.0,,,,,,True,0.0,0.0,0.0,0.0,1.0,0.0
LZTBI-0190,sham,5,5.0,1.0,0.0,0.0,0.0,0.0,0.306,0.0,3.33,7.51,8.34,78.85,0.9623,True,0.0,0.0,0.0,0.0,0.99898,0.0
LZTBI-0190,sham,6,5.0,0.0,0.0,0.0,0.0,0.0,0.0,0.0,,,,,,True,0.0,0.0,0.0,0.0,1.0,0.0
LZTBI-0191,tbi_low,4,5.0,1.0,1.0,0.0,0.0,0.0,3.169,1.0,14.86,30.69,26.54,61.35,0.9615,True,0.2,0.0,0.0,0.0,0.9894366666666666,0.166667
LZTBI-0191,tbi_low,5,5.0,0.0,0.0,0.0,0.0,0.0,0.0,0.0,,,,,,True,0.0,0.0,0.0,0.0,1.0,0.0
LZTBI-0191,tbi_low,6,5.0,1.0,0.0,0.0,0.0,0.0,0.744,0.0,11.06,29.69,16.26,27.83,0.9741,True,0.0,0.0,0.0,0.0,0.99752,0.0
LZTBI-0192,tbi_low,4,5.0,0.0,0.0,0.0,0.0,0.0,0.0,0.0,,,,,,True,0.0,0.0,0.0,0.0,1.0,0.0
LZTBI-0192,tbi_low,5,5.0,1.0,1.0,0.0,0.0,0.0,2.719,1.0,30.04,45.28,36.65,62.94,0.9822,True,0.2,0.0,0.0,0.0,0.9909366666666667,0.166667
LZTBI-0192,tbi_low,6,5.0,0.0,0.0,0.0,0.0,0.0,0.0,0.0,,,,,,True,0.0,0.0,0.0,0.0,1.0,0.0
LZTBI-0193,tbi_low,4,5.0,0.0,0.0,0.0,0.0,0.0,0.0,0.0,,,,,,True,0.0,0.0,0.0,0.0,1.0,0.0
LZTBI-0193,tbi_low,5,5.0,0.0,0.0,0.0,0.0,0.0,0.0,0.0,,,,,,True,0.0,0.0,0.0,0.0,1.0,0.0
LZTBI-0193,tbi_low,6,5.0,1.0,0.0,0.0,0.0,0.0,0.438,0.0,6.84,13.65,20.07,78.35,0.9633,True,0.0,0.0,0.0,0.0,0.99854,0.0
LZTBI-0194,tbi_high,4,5.0,2.0,1.0,0.0,0.0,0.0,1.531,1.0,25.799999999999997,64.5,43.025000000000006,69.31,0.9590000000000001,True,0.2,0.0,0.0,0.0,0.9948966666666667,0.166667
LZTBI-0194,tbi_high,5,5.0,1.0,1.0,1.0,1.0,0.0,6.175,2.0,46.45,80.82,77.37,140.75,0.9708,True,0.2,0.2,0.2,0.0,0.9794166666666667,0.633333
LZTBI-0195,sham,4,5.0,1.0,0.0,0.0,0.0,0.0,0.362,0.0,14.6,37.21,26.49,81.86,0.9495,True,0.0,0.0,0.0,0.0,0.9987933333333333,0.0
LZTBI-0195,sham,5,5.0,1.0,1.0,1.0,1.0,0.0,7.287,2.0,39.87,68.48,76.05,83.89,0.9467,True,0.2,0.2,0.2,0.0,0.97571,0.633333
LZTBI-0195,sham,6,5.0,1.0,1.0,1.0,1.0,0.0,4.181,2.0,44.28,80.04,37.5,138.29,0.9553,True,0.2,0.2,0.2,0.0,0.9860633333333333,0.633333
LZTBI-0196,tbi_moderate,4,5.0,4.0,0.0,0.0,0.0,0.0,2.375,0.0,7.28,25.87,24.755000000000003,74.47,0.963025,True,0.0,0.0,0.0,0.0,0.9920833333333333,0.0
LZTBI-0196,tbi_moderate,5,5.0,3.0,2.0,2.0,1.0,1.0,12.763,3.0,33.10666666666667,88.33,43.31666666666666,176.35,0.9693333333333333,True,0.4,0.4,0.2,0.2,0.9574566666666666,1.2
LZTBI-0196,tbi_moderate,6,5.0,2.0,2.0,2.0,0.0,2.0,12.763,3.0,51.870000000000005,92.34,65.17,164.81,0.95825,True,0.4,0.4,0.0,0.4,0.9574566666666666,1.2
LZTBI-0197,tbi_moderate,4,5.0,0.0,0.0,0.0,0.0,0.0,0.0,0.0,,,,,,True,0.0,0.0,0.0,0.0,1.0,0.0
LZTBI-0197,tbi_moderate,5,5.0,2.0,2.0,2.0,2.0,0.0,7.938000000000001,2.0,67.09,107.98,58.655,131.17,0.98255,True,0.4,0.4,0.4,0.0,0.97354,1.133333
LZTBI-0197,tbi_moderate,6,5.0,3.0,2.0,2.0,0.0,2.0,14.286999999999999,3.0,18.21,108.28,73.74,158.51,0.9581333333333334,True,0.4,0.4,0.0,0.4,0.9523766666666666,1.2
LZTBI-0198,sham,4,5.0,0.0,0.0,0.0,0.0,0.0,0.0,0.0,,,,,,True,0.0,0.0,0.0,0.0,1.0,0.0
LZTBI-0198,sham,5,5.0,0.0,0.0,0.0,0.0,0.0,0.0,0.0,,,,,,True,0.0,0.0,0.0,0.0,1.0,0.0
LZTBI-0198,sham,6,5.0,0.0,0.0,0.0,0.0,0.0,0.0,0.0,,,,,,True,0.0,0.0,0.0,0.0,1.0,0.0
LZTBI-0199,tbi_moderate,4,5.0,1.0,1.0,0.0,0.0,0.0,2.0,1.0,35.1,58.53,22.15,55.59,0.9787,True,0.2,0.0,0.0,0.0,0.9933333333333333,0.166667
LZTBI-0199,tbi_moderate,5,5.0,2.0,2.0,2.0,0.0,2.0,14.369,3.0,33.495,109.91,77.17,171.01,0.9499500000000001,True,0.4,0.4,0.0,0.4,0.9521033333333333,1.2
LZTBI-0199,tbi_moderate,6,5.0,2.0,1.0,1.0,0.0,1.0,5.6690000000000005,3.0,20.925,100.27,56.269999999999996,142.7,0.9641,True,0.2,0.2,0.0,0.2,0.9811033333333333,0.7
LZTBI-0200,sham,4,5.0,0.0,0.0,0.0,0.0,0.0,0.0,0.0,,,,,,True,0.0,0.0,0.0,0.0,1.0,0.0
LZTBI-0200,sham,5,5.0,2.0,0.0,0.0,0.0,0.0,1.025,0.0,2.825,9.05,19.205000000000002,55.51,0.97305,True,0.0,0.0,0.0,0.0,0.9965833333333334,0.0
LZTBI-0200,sham,6,5.0,0.0,0.0,0.0,0.0,0.0,0.0,0.0,,,,,,True,0.0,0.0,0.0,0.0,1.0,0.0
LZTBI-0201,sham,4,5.0,0.0,0.0,0.0,0.0,0.0,0.0,0.0,,,,,,True,0.0,0.0,0.0,0.0,1.0,0.0
LZTBI-0201,sham,5,5.0,1.0,0.0,0.0,0.0,0.0,0.925,0.0,12.1,32.0,29.95,40.18,0.9758,True,0.0,0.0,0.0,0.0,0.9969166666666667,0.0
LZTBI-0201,sham,6,5.0,0.0,0.0,0.0,0.0,0.0,0.0,0.0,,,,,,True,0.0,0.0,0.0,0.0,1.0,0.0
LZTBI-0202,tbi_moderate,4,5.0,0.0,0.0,0.0,0.0,0.0,0.0,0.0,,,,,,True,0.0,0.0,0.0,0.0,1.0,0.0
LZTBI-0202,tbi_moderate,5,5.0,0.0,0.0,0.0,0.0,0.0,0.0,0.0,,,,,,True,0.0,0.0,0.0,0.0,1.0,0.0
LZTBI-0202,tbi_moderate,6,5.0,3.0,0.0,0.0,0.0,0.0,0.8310000000000001,0.0,10.163333333333334,26.74,22.36,70.42,0.9625666666666666,True,0.0,0.0,0.0,0.0,0.99723,0.0
LZTBI-0203,tbi_low,4,5.0,0.0,0.0,0.0,0.0,0.0,0.0,0.0,,,,,,True,0.0,0.0,0.0,0.0,1.0,0.0
LZTBI-0203,tbi_low,5,5.0,1.0,1.0,0.0,0.0,0.0,2.856,1.0,37.8,52.41,30.51,81.23,0.9511,True,0.2,0.0,0.0,0.0,0.99048,0.166667
LZTBI-0203,tbi_low,6,5.0,2.0,1.0,0.0,0.0,0.0,3.775,1.0,21.45,46.22,40.44,110.9,0.97245,True,0.2,0.0,0.0,0.0,0.9874166666666667,0.166667
LZTBI-0204,tbi_low,4,5.0,0.0,0.0,0.0,0.0,0.0,0.0,0.0,,,,,,True,0.0,0.0,0.0,0.0,1.0,0.0
LZTBI-0204,tbi_low,5,5.0,0.0,0.0,0.0,0.0,0.0,0.0,0.0,,,,,,True,0.0,0.0,0.0,0.0,1.0,0.0
LZTBI-0204,tbi_low,6,5.0,1.0,1.0,0.0,0.0,0.0,1.694,1.0,39.16,62.33,21.24,64.4,0.9531,True,0.2,0.0,0.0,0.0,0.9943533333333333,0.166667
LZTBI-0205,tbi_low,4,5.0,1.0,0.0,0.0,0.0,0.0,0.475,0.0,14.1,30.07,29.02,35.05,0.976,True,0.0,0.0,0.0,0.0,0.9984166666666666,0.0
LZTBI-0205,tbi_low,5,5.0,1.0,0.0,0.0,0.0,0.0,0.487,0.0,4.93,10.88,30.0,61.72,0.9823,True,0.0,0.0,0.0,0.0,0.9983766666666667,0.0
LZTBI-0205,tbi_low,6,5.0,0.0,0.0,0.0,0.0,0.0,0.0,0.0,,,,,,True,0.0,0.0,0.0,0.0,1.0,0.0
LZTBI-0206,sham,4,5.0,1.0,0.0,0.0,0.0,0.0,0.594,0.0,14.5,26.05,29.92,37.03,0.9588,True,0.0,0.0,0.0,0.0,0.99802,0.0
LZTBI-0206,sham,5,5.0,1.0,0.0,0.0,0.0,0.0,0.612,0.0,8.81,15.16,28.94,72.36,0.9525,True,0.0,0.0,0.0,0.0,0.99796,0.0
LZTBI-0206,sham,6,5.0,0.0,0.0,0.0,0.0,0.0,0.0,0.0,,,,,,True,0.0,0.0,0.0,0.0,1.0,0.0
LZTBI-0207,sham,4,5.0,0.0,0.0,0.0,0.0,0.0,0.0,0.0,,,,,,True,0.0,0.0,0.0,0.0,1.0,0.0
LZTBI-0207,sham,5,5.0,0.0,0.0,0.0,0.0,0.0,0.0,0.0,,,,,,True,0.0,0.0,0.0,0.0,1.0,0.0
LZTBI-0207,sham,6,5.0,2.0,1.0,1.0,1.0,0.0,3.406,2.0,24.4,66.57,41.86,128.63,0.95655,False,0.2,0.2,0.2,0.0,0.9886466666666667,0.633333
LZTBI-0208,tbi_moderate,4,5.0,0.0,0.0,0.0,0.0,0.0,0.0,0.0,,,,,,True,0.0,0.0,0.0,0.0,1.0,0.0
LZTBI-0208,tbi_moderate,5,5.0,1.0,0.0,0.0,0.0,0.0,0.231,0.0,7.35,11.99,15.1,67.74,0.9534,True,0.0,0.0,0.0,0.0,0.99923,0.0
LZTBI-0208,tbi_moderate,6,5.0,2.0,1.0,0.0,0.0,0.0,4.069,1.0,26.92,80.56,23.25,72.59,0.9698500000000001,True,0.2,0.0,0.0,0.0,0.9864366666666666,0.166667
LZTBI-0209,tbi_high,4,5.0,0.0,0.0,0.0,0.0,0.0,0.0,0.0,,,,,,True,0.0,0.0,0.0,0.0,1.0,0.0
LZTBI-0209,tbi_high,5,5.0,1.0,0.0,0.0,0.0,0.0,0.294,0.0,12.94,20.13,33.31,25.79,0.9572,True,0.0,0.0,0.0,0.0,0.99902,0.0
LZTBI-0209,tbi_high,6,5.0,6.0,4.0,4.0,2.0,2.0,20.483,3.0,28.153333333333336,111.68,57.03666666666667,177.5,0.9638666666666666,True,0.8,0.8,0.4,0.4,0.9317233333333333,2.2
LZTBI-0210,tbi_high,4,5.0,5.0,4.0,3.0,2.0,1.0,14.039,3.0,32.994,102.87,41.298,164.95,0.9666,True,0.8,0.6,0.4,0.2,0.9532033333333333,1.8
LZTBI-0210,tbi_high,5,5.0,1.0,1.0,1.0,0.0,1.0,3.15,3.0,49.3,118.7,88.05,127.47,0.949,True,0.2,0.2,0.0,0.2,0.9895,0.7
LZTBI-0210,tbi_high,6,5.0,4.0,4.0,4.0,3.0,1.0,19.538,3.0,64.38,116.8,54.9525,125.71,0.96245,True,0.8,0.8,0.6,0.2,0.9348733333333333,2.2
LZTBI-0211,sham,4,5.0,0.0,0.0,0.0,0.0,0.0,0.0,0.0,,,,,,True,0.0,0.0,0.0,0.0,1.0,0.0
LZTBI-0211,sham,5,5.0,3.0,1.0,0.0,0.0,0.0,3.188,1.0,18.93,57.21,25.396666666666665,75.45,0.9580000000000001,True,0.2,0.0,0.0,0.0,0.9893733333333333,0.166667
LZTBI-0211,sham,6,5.0,0.0,0.0,0.0,0.0,0.0,0.0,0.0,,,,,,True,0.0,0.0,0.0,0.0,1.0,0.0
LZTBI-0212,tbi_moderate,4,5.0,0.0,0.0,0.0,0.0,0.0,0.0,0.0,,,,,,True,0.0,0.0,0.0,0.0,1.0,0.0
LZTBI-0212,tbi_moderate,5,5.0,2.0,2.0,2.0,2.0,0.0,5.506,2.0,59.84,107.74,51.315,130.83,0.95875,True,0.4,0.4,0.4,0.0,0.9816466666666667,1.133333
LZTBI-0212,tbi_moderate,6,5.0,1.0,1.0,1.0,1.0,0.0,5.581,2.0,41.0,55.98,76.54,127.24,0.9726,True,0.2,0.2,0.2,0.0,0.9813966666666667,0.633333
LZTBI-0213,sham,4,5.0,1.0,1.0,0.0,0.0,0.0,1.319,1.0,45.61,88.43,45.15,57.39,0.9506,True,0.2,0.0,0.0,0.0,0.9956033333333333,0.166667
LZTBI-0213,sham,5,5.0,1.0,0.0,0.0,0.0,0.0,0.438,0.0,12.3,27.98,27.02,68.42,0.9833,True,0.0,0.0,0.0,0.0,0.99854,0.0
LZTBI-0213,sham,6,5.0,1.0,0.0,0.0,0.0,0.0,0.469,0.0,7.58,16.66,26.04,41.75,0.977,True,0.0,0.0,0.0,0.0,0.9984366666666666,0.0
LZTBI-0214,tbi_high,4,5.0,1.0,0.0,0.0,0.0,0.0,0.675,0.0,4.0,9.09,26.37,33.75,0.9809,True,0.0,0.0,0.0,0.0,0.99775,0.0
LZTBI-0214,tbi_high,5,5.0,0.0,0.0,0.0,0.0,0.0,0.0,0.0,,,,,,True,0.0,0.0,0.0,0.0,1.0,0.0
LZTBI-0214,tbi_high,6,5.0,6.0,6.0,5.0,4.0,1.0,32.049,3.0,48.07333333333333,117.12,47.75666666666667,165.32,0.9711166666666666,True,1.2,1.0,0.8,0.2,0.89317,2.8
LZTBI-0215,tbi_high,4,5.0,1.0,0.0,0.0,0.0,0.0,0.456,0.0,4.76,7.85,16.92,51.63,0.9629,True,0.0,0.0,0.0,0.0,0.99848,0.0
LZTBI-0215,tbi_high,5,5.0,3.0,2.0,0.0,0.0,0.0,5.631,1.0,26.606666666666666,79.31,17.92,108.49,0.9826,True,0.4,0.0,0.0,0.0,0.98123,0.266667
LZTBI-0215,tbi_high,6,5.0,2.0,2.0,1.0,0.0,1.0,7.276,3.0,24.085,107.67,54.650000000000006,126.95,0.9630000000000001,True,0.4,0.2,0.0,0.2,0.9757466666666667,0.8
LZTBI-0216,tbi_high,4,5.0,1.0,1.0,1.0,1.0,0.0,1.488,2.0,42.44,61.41,77.65,106.91,0.9735,True,0.2,0.2,0.2,0.0,0.99504,0.633333
LZTBI-0216,tbi_high,5,5.0,1.0,0.0,0.0,0.0,0.0,0.762,0.0,10.43,20.06,34.94,79.25,0.9798,True,0.0,0.0,0.0,0.0,0.99746,0.0
LZTBI-0216,tbi_high,6,5.0,7.0,5.0,5.0,2.0,3.0,38.6,3.0,34.09142857142857,111.49,50.83428571428571,166.08,0.9592,True,1.0,1.0,0.4,0.6,0.8713333333333333,2.7
LZTBI-0217,tbi_moderate,4,5.0,0.0,0.0,0.0,0.0,0.0,0.0,0.0,,,,,,True,0.0,0.0,0.0,0.0,1.0,0.0
LZTBI-0217,tbi_moderate,5,5.0,0.0,0.0,0.0,0.0,0.0,0.0,0.0,,,,,,True,0.0,0.0,0.0,0.0,1.0,0.0
LZTBI-0217,tbi_moderate,6,5.0,1.0,0.0,0.0,0.0,0.0,0.194,0.0,3.3,7.0,27.6,32.41,0.9723,True,0.0,0.0,0.0,0.0,0.9993533333333333,0.0
LZTBI-0218,tbi_moderate,4,5.0,0.0,0.0,0.0,0.0,0.0,0.0,0.0,,,,,,True,0.0,0.0,0.0,0.0,1.0,0.0
LZTBI-0218,tbi_moderate,5,5.0,0.0,0.0,0.0,0.0,0.0,0.0,0.0,,,,,,True,0.0,0.0,0.0,0.0,1.0,0.0
LZTBI-0218,tbi_moderate,6,5.0,1.0,0.0,0.0,0.0,0.0,0.463,0.0,5.86,10.0,29.48,36.59,0.9512,True,0.0,0.0,0.0,0.0,0.9984566666666667,0.0
LZTBI-0219,tbi_high,4,5.0,0.0,0.0,0.0,0.0,0.0,0.0,0.0,,,,,,True,0.0,0.0,0.0,0.0,1.0,0.0
LZTBI-0219,tbi_high,5,5.0,0.0,0.0,0.0,0.0,0.0,0.0,0.0,,,,,,True,0.0,0.0,0.0,0.0,1.0,0.0
LZTBI-0219,tbi_high,6,5.0,1.0,0.0,0.0,0.0,0.0,0.669,0.0,13.03,22.12,10.12,34.26,0.9577,True,0.0,0.0,0.0,0.0,0.99777,0.0
LZTBI-0220,tbi_moderate,4,5.0,0.0,0.0,0.0,0.0,0.0,0.0,0.0,,,,,,True,0.0,0.0,0.0,0.0,1.0,0.0
LZTBI-0220,tbi_moderate,5,5.0,1.0,0.0,0.0,0.0,0.0,0.469,0.0,4.09,8.81,10.99,64.7,0.9623,True,0.0,0.0,0.0,0.0,0.9984366666666666,0.0
LZTBI-0220,tbi_moderate,6,5.0,1.0,1.0,0.0,0.0,0.0,0.756,1.0,22.3,43.66,26.07,115.02,0.9812,True,0.2,0.0,0.0,0.0,0.99748,0.166667
LZTBI-0221,tbi_moderate,4,5.0,0.0,0.0,0.0,0.0,0.0,0.0,0.0,,,,,,True,0.0,0.0,0.0,0.0,1.0,0.0
LZTBI-0221,tbi_moderate,5,5.0,1.0,0.0,0.0,0.0,0.0,0.231,0.0,8.84,18.95,33.56,53.7,0.9753,True,0.0,0.0,0.0,0.0,0.99923,0.0
LZTBI-0221,tbi_moderate,6,5.0,1.0,1.0,0.0,0.0,0.0,1.438,1.0,24.58,40.25,48.68,60.42,0.9564,True,0.2,0.0,0.0,0.0,0.9952066666666667,0.166667
LZTBI-0222,tbi_high,4,5.0,1.0,0.0,0.0,0.0,0.0,0.325,0.0,5.8,13.08,18.53,63.79,0.9606,True,0.0,0.0,0.0,0.0,0.9989166666666667,0.0
LZTBI-0222,tbi_high,5,5.0,1.0,1.0,0.0,0.0,0.0,2.438,1.0,15.52,29.94,53.94,117.28,0.9592,True,0.2,0.0,0.0,0.0,0.9918733333333334,0.166667
LZTBI-0222,tbi_high,6,5.0,1.0,1.0,1.0,0.0,1.0,8.463,3.0,21.82,83.54,62.34,150.21,0.9642,True,0.2,0.2,0.0,0.2,0.97179,0.7
LZTBI-0223,tbi_low,4,5.0,1.0,1.0,1.0,1.0,0.0,7.262,2.0,76.06,116.8,79.43,141.19,0.9778,True,0.2,0.2,0.2,0.0,0.9757933333333333,0.633333
LZTBI-0223,tbi_low,5,5.0,4.0,4.0,4.0,3.0,1.0,17.824,3.0,40.9675,97.34,62.739999999999995,130.51,0.9621999999999999,True,0.8,0.8,0.6,0.2,0.9405866666666667,2.2
LZTBI-0223,tbi_low,6,5.0,1.0,1.0,1.0,1.0,0.0,6.694,2.0,53.24,71.36,47.48,80.36,0.9786,True,0.2,0.2,0.2,0.0,0.9776866666666667,0.633333
LZTBI-0224,sham,4,5.0,0.0,0.0,0.0,0.0,0.0,0.0,0.0,,,,,,True,0.0,0.0,0.0,0.0,1.0,0.0
LZTBI-0224,sham,5,5.0,2.0,0.0,0.0,0.0,0.0,1.137,0.0,5.435,15.56,10.97,77.74,0.9659500000000001,True,0.0,0.0,0.0,0.0,0.99621,0.0
LZTBI-0224,sham,6,5.0,0.0,0.0,0.0,0.0,0.0,0.0,0.0,,,,,,True,0.0,0.0,0.0,0.0,1.0,0.0
LZTBI-0225,sham,4,5.0,2.0,1.0,0.0,0.0,0.0,1.732,1.0,24.52,69.77,28.015,107.47,0.9593,True,0.2,0.0,0.0,0.0,0.9942266666666667,0.166667
LZTBI-0225,sham,5,5.0,0.0,0.0,0.0,0.0,0.0,0.0,0.0,,,,,,True,0.0,0.0,0.0,0.0,1.0,0.0
LZTBI-0225,sham,6,5.0,0.0,0.0,0.0,0.0,0.0,0.0,0.0,,,,,,True,0.0,0.0,0.0,0.0,1.0,0.0
LZTBI-0226,sham,4,5.0,0.0,0.0,0.0,0.0,0.0,0.0,0.0,,,,,,True,0.0,0.0,0.0,0.0,1.0,0.0
LZTBI-0226,sham,5,5.0,1.0,1.0,0.0,0.0,0.0,1.175,1.0,23.41,32.12,52.79,102.97,0.9586,True,0.2,0.0,0.0,0.0,0.9960833333333333,0.166667
LZTBI-0226,sham,6,5.0,0.0,0.0,0.0,0.0,0.0,0.0,0.0,,,,,,True,0.0,0.0,0.0,0.0,1.0,0.0
LZTBI-0227,tbi_moderate,4,5.0,1.0,1.0,0.0,0.0,0.0,2.306,1.0,32.62,59.65,26.64,109.1,0.9786,True,0.2,0.0,0.0,0.0,0.9923133333333334,0.166667
LZTBI-0227,tbi_moderate,5,5.0,1.0,1.0,0.0,0.0,0.0,2.094,1.0,43.37,81.6,27.97,68.07,0.9849,True,0.2,0.0,0.0,0.0,0.99302,0.166667
LZTBI-0227,tbi_moderate,6,5.0,2.0,1.0,0.0,0.0,0.0,2.525,1.0,23.51,91.0,38.39,69.95,0.9701,True,0.2,0.0,0.0,0.0,0.9915833333333334,0.166667
LZTBI-0228,tbi_low,4,5.0,1.0,1.0,0.0,0.0,0.0,2.962,1.0,29.85,66.01,37.06,89.9,0.9723,True,0.2,0.0,0.0,0.0,0.9901266666666667,0.166667
LZTBI-0228,tbi_low,5,5.0,0.0,0.0,0.0,0.0,0.0,0.0,0.0,,,,,,True,0.0,0.0,0.0,0.0,1.0,0.0
LZTBI-0228,tbi_low,6,5.0,1.0,0.0,0.0,0.0,0.0,0.644,0.0,2.0,7.0,24.01,52.42,0.9849,True,0.0,0.0,0.0,0.0,0.9978533333333334,0.0
LZTBI-0229,tbi_low,4,5.0,2.0,1.0,0.0,0.0,0.0,2.512,1.0,25.805,56.69,20.25,99.82,0.9718500000000001,True,0.2,0.0,0.0,0.0,0.9916266666666667,0.166667
LZTBI-0229,tbi_low,5,5.0,1.0,0.0,0.0,0.0,0.0,0.744,0.0,2.0,7.0,10.35,60.16,0.9534,True,0.0,0.0,0.0,0.0,0.99752,0.0
LZTBI-0229,tbi_low,6,5.0,0.0,0.0,0.0,0.0,0.0,0.0,0.0,,,,,,True,0.0,0.0,0.0,0.0,1.0,0.0
LZTBI-0230,sham,4,5.0,0.0,0.0,0.0,0.0,0.0,0.0,0.0,,,,,,True,0.0,0.0,0.0,0.0,1.0,0.0
LZTBI-0230,sham,5,5.0,0.0,0.0,0.0,0.0,0.0,0.0,0.0,,,,,,True,0.0,0.0,0.0,0.0,1.0,0.0
LZTBI-0230,sham,6,5.0,1.0,0.0,0.0,0.0,0.0,0.644,0.0,7.0,18.38,12.14,48.1,0.9754,True,0.0,0.0,0.0,0.0,0.9978533333333334,0.0
LZTBI-0231,tbi_high,4,5.0,2.0,2.0,1.0,1.0,0.0,2.988,2.0,41.980000000000004,90.82,44.955,113.13,0.9751,True,0.4,0.2,0.2,0.0,0.99004,0.733333
LZTBI-0231,tbi_high,5,5.0,3.0,2.0,1.0,1.0,0.0,6.525,2.0,35.47,108.28,36.67333333333334,107.01,0.9708666666666667,True,0.4,0.2,0.2,0.0,0.97825,0.733333
LZTBI-0231,tbi_high,6,5.0,2.0,1.0,1.0,0.0,1.0,4.832,3.0,22.544999999999998,92.18,51.06,147.88,0.97155,True,0.2,0.2,0.0,0.2,0.9838933333333333,0.7
LZTBI-0232,tbi_low,4,5.0,0.0,0.0,0.0,0.0,0.0,0.0,0.0,,,,,,True,0.0,0.0,0.0,0.0,1.0,0.0
LZTBI-0232,tbi_low,5,5.0,2.0,0.0,0.0,0.0,0.0,0.607,0.0,10.715,33.5,19.82,70.08,0.9739,True,0.0,0.0,0.0,0.0,0.9979766666666666,0.0
LZTBI-0232,tbi_low,6,5.0,0.0,0.0,0.0,0.0,0.0,0.0,0.0,,,,,,True,0.0,0.0,0.0,0.0,1.0,0.0
LZTBI-0233,sham,4,5.0,0.0,0.0,0.0,0.0,0.0,0.0,0.0,,,,,,True,0.0,0.0,0.0,0.0,1.0,0.0
LZTBI-0233,sham,5,5.0,0.0,0.0,0.0,0.0,0.0,0.0,0.0,,,,,,True,0.0,0.0,0.0,0.0,1.0,0.0
LZTBI-0233,sham,6,5.0,1.0,0.0,0.0,0.0,0.0,0.775,0.0,13.47,37.33,17.32,37.32,0.9593,True,0.0,0.0,0.0,0.0,0.9974166666666666,0.0
LZTBI-0234,tbi_moderate,4,5.0,1.0,0.0,0.0,0.0,0.0,0.675,0.0,11.17,29.01,20.47,27.3,0.984,True,0.0,0.0,0.0,0.0,0.99775,0.0
LZTBI-0234,tbi_moderate,5,5.0,0.0,0.0,0.0,0.0,0.0,0.0,0.0,,,,,,True,0.0,0.0,0.0,0.0,1.0,0.0
LZTBI-0234,tbi_moderate,6,5.0,1.0,1.0,0.0,0.0,0.0,2.694,1.0,28.79,63.76,37.59,112.62,0.9576,True,0.2,0.0,0.0,0.0,0.99102,0.166667
LZTBI-0235,sham,4,5.0,0.0,0.0,0.0,0.0,0.0,0.0,0.0,,,,,,True,0.0,0.0,0.0,0.0,1.0,0.0
LZTBI-0235,sham,5,5.0,0.0,0.0,0.0,0.0,0.0,0.0,0.0,,,,,,True,0.0,0.0,0.0,0.0,1.0,0.0
LZTBI-0235,sham,6,5.0,0.0,0.0,0.0,0.0,0.0,0.0,0.0,,,,,,True,0.0,0.0,0.0,0.0,1.0,0.0
LZTBI-0236,tbi_high,4,5.0,1.0,0.0,0.0,0.0,0.0,0.769,0.0,11.2,24.76,28.21,60.5,0.9594,True,0.0,0.0,0.0,0.0,0.9974366666666666,0.0
LZTBI-0236,tbi_high,5,5.0,4.0,2.0,0.0,0.0,0.0,4.5,1.0,24.9375,81.46,34.9075,115.28,0.962,True,0.4,0.0,0.0,0.0,0.985,0.266667
LZTBI-0236,tbi_high,6,5.0,0.0,0.0,0.0,0.0,0.0,0.0,0.0,,,,,,True,0.0,0.0,0.0,0.0,1.0,0.0
LZTBI-0237,tbi_moderate,4,5.0,0.0,0.0,0.0,0.0,0.0,0.0,0.0,,,,,,True,0.0,0.0,0.0,0.0,1.0,0.0
LZTBI-0237,tbi_moderate,5,5.0,2.0,1.0,0.0,0.0,0.0,3.8689999999999998,1.0,16.01,34.04,19.905,108.16,0.9771000000000001,True,0.2,0.0,0.0,0.0,0.9871033333333333,0.166667
LZTBI-0237,tbi_moderate,6,5.0,1.0,1.0,0.0,0.0,0.0,1.494,1.0,26.42,45.16,49.04,73.18,0.9845,True,0.2,0.0,0.0,0.0,0.99502,0.166667
LZTBI-0238,tbi_high,4,5.0,1.0,1.0,1.0,1.0,0.0,2.031,2.0,59.43,105.29,71.92,98.79,0.9618,False,0.2,0.2,0.2,0.0,0.99323,0.633333
LZTBI-0238,tbi_high,5,5.0,0.0,0.0,0.0,0.0,0.0,0.0,0.0,,,,,,True,0.0,0.0,0.0,0.0,1.0,0.0
LZTBI-0238,tbi_high,6,5.0,1.0,0.0,0.0,0.0,0.0,0.231,0.0,5.13,8.38,31.08,66.1,0.9793,True,0.0,0.0,0.0,0.0,0.99923,0.0
LZTBI-0239,tbi_high,4,5.0,1.0,0.0,0.0,0.0,0.0,0.306,0.0,7.95,14.21,31.32,52.96,0.9462,True,0.0,0.0,0.0,0.0,0.99898,0.0
LZTBI-0239,tbi_high,5,5.0,2.0,0.0,0.0,0.0,0.0,0.7310000000000001,0.0,8.12,18.79,15.73,81.7,0.9719,True,0.0,0.0,0.0,0.0,0.9975633333333334,0.0
LZTBI-0239,tbi_high,6,5.0,1.0,1.0,0.0,0.0,0.0,1.625,1.0,34.27,49.48,46.98,90.53,0.9726,True,0.2,0.0,0.0,0.0,0.9945833333333334,0.166667
LZTBI-0240,tbi_moderate,4,5.0,3.0,1.0,1.0,1.0,0.0,7.893,2.0,15.94,52.0,38.85666666666666,119.52,0.9637333333333333,True,0.2,0.2,0.2,0.0,0.9736899999999999,0.633333
LZTBI-0240,tbi_moderate,5,5.0,2.0,2.0,1.0,1.0,0.0,3.526,2.0,49.805,92.15,47.474999999999994,114.91,0.9473,True,0.4,0.2,0.2,0.0,0.9882466666666667,0.733333
LZTBI-0240,tbi_moderate,6,5.0,2.0,2.0,2.0,1.0,1.0,5.869,3.0,45.370000000000005,93.17,61.705,167.84,0.9657,True,0.4,0.4,0.2,0.2,0.9804366666666666,1.2
