fish_id,group,high_burden_state_dpf6_TRUTH,split
LZTBI-0001,sham,0,train
LZTBI-0002,tbi_moderate,0,train
LZTBI-0003,tbi_high,1,train
LZTBI-0004,tbi_moderate,0,train
LZTBI-0005,tbi_low,0,train
LZTBI-0006,sham,0,train
LZTBI-0007,tbi_moderate,0,train
LZTBI-0008,tbi_low,0,train
LZTBI-0009,tbi_high,1,train
LZTBI-0010,sham,0,train
LZTBI-0011,tbi_high,1,test
LZTBI-0012,sham,0,train
LZTBI-0013,sham,0,train
LZTBI-0014,tbi_moderate,0,test
LZTBI-0015,tbi_moderate,0,train
LZTBI-0016,tbi_moderate,1,test
LZTBI-0017,tbi_high,1,test
LZTBI-0018,tbi_moderate,0,train
LZTBI-0019,tbi_low,0,train
LZTBI-0020,tbi_high,0,train
LZTBI-0021,tbi_low,0,train
LZTBI-0022,tbi_low,0,train
LZTBI-0023,tbi_moderate,0,test
LZTBI-0024,tbi_high,1,test
LZTBI-0025,tbi_moderate,1,train
LZTBI-0026,tbi_moderate,0,train
LZTBI-0027,tbi_high,1,train
LZTBI-0028,tbi_low,0,train
LZTBI-0029,tbi_low,0,test
LZTBI-0030,sham,0,test
LZTBI-0031,tbi_moderate,0,train
LZTBI-0032,sham,0,train
LZTBI-0033,tbi_moderate,0,test
LZTBI-0034,tbi_moderate,0,train
LZTBI-0035,sham,0,test
LZTBI-0036,sham,0,train
LZTBI-0037,tbi_low,0,test
LZTBI-0038,tbi_low,0,train
LZTBI-0039,sham,0,train
LZTBI-0040,tbi_low,0,test
LZTBI-0041,tbi_high,1,test
LZTBI-0042,tbi_high,1,train
LZTBI-0043,tbi_high,0,train
LZTBI-0044,tbi_low,0,train
LZTBI-0045,tbi_moderate,0,test
LZTBI-0046,tbi_low,0,train
LZTBI-0047,tbi_high,1,test
LZTBI-0048,tbi_high,0,test
LZTBI-0049,tbi_low,0,train
LZTBI-0050,tbi_moderate,1,test
LZTBI-0051,sham,1,train
LZTBI-0052,tbi_low,1,test
LZTBI-0053,tbi_high,1,train
LZTBI-0054,tbi_moderate,1,train
LZTBI-0055,tbi_low,0,train
LZTBI-0056,tbi_moderate,0,train
LZTBI-0057,tbi_high,1,train
LZTBI-0058,sham,0,train
LZTBI-0059,sham,0,train
LZTBI-0060,tbi_moderate,0,train
LZTBI-0061,tbi_high,0,train
LZTBI-0062,tbi_low,0,train
LZTBI-0063,sham,0,train
LZTBI-0064,sham,0,train
LZTBI-0065,sham,0,train
LZTBI-0066,tbi_high,0,test
LZTBI-0067,tbi_moderate,0,train
LZTBI-0068,sham,0,train
LZTBI-0069,tbi_high,1,test
LZTBI-0070,tbi_high,0,train
LZTBI-0071,sham,0,train
LZTBI-0072,sham,0,test
LZTBI-0073,tbi_low,0,test
LZTBI-0074,tbi_low,0,test
LZTBI-0075,sham,0,test
LZTBI-0076,tbi_high,1,train
LZTBI-0077,tbi_moderate,1,test
LZTBI-0078,tbi_high,0,test
LZTBI-0079,tbi_low,0,train
LZTBI-0080,tbi_low,0,train
LZTBI-0081,sham,0,train
LZTBI-0082,tbi_high,0,train
LZTBI-0083,tbi_low,0,train
LZTBI-0084,tbi_high,0,test
LZTBI-0085,tbi_low,0,train
LZTBI-0086,tbi_moderate,1,train
LZTBI-0087,tbi_low,0,train
LZTBI-0088,tbi_high,1,train
LZTBI-0089,tbi_moderate,1,train
LZTBI-0090,tbi_low,0,train
LZTBI-0091,tbi_high,1,train
LZTBI-0092,sham,0,train
LZTBI-0093,tbi_high,1,test
LZTBI-0094,tbi_high,1,train
LZTBI-0095,tbi_moderate,1,test
LZTBI-0096,tbi_low,0,test
LZTBI-0097,tbi_moderate,0,train
LZTBI-0098,sham,0,train
LZTBI-0099,tbi_low,0,train
LZTBI-0100,tbi_moderate,0,train
LZTBI-0101,tbi_high,1,test
LZTBI-0102,tbi_low,0,test
LZTBI-0103,sham,0,train
LZTBI-0104,sham,0,train
LZTBI-0105,tbi_low,1,train
LZTBI-0106,sham,0,test
LZTBI-0107,sham,0,test
LZTBI-0108,tbi_low,0,train
LZTBI-0109,tbi_low,0,train
LZTBI-0110,tbi_moderate,0,train
LZTBI-0111,tbi_moderate,0,train
LZTBI-0112,sham,0,train
LZTBI-0113,tbi_high,0,test
LZTBI-0114,tbi_moderate,1,train
LZTBI-0115,sham,1,train
LZTBI-0116,sham,0,test
LZTBI-0117,tbi_moderate,1,train
LZTBI-0118,sham,0,test
LZTBI-0119,sham,0,test
LZTBI-0120,sham,0,train
LZTBI-0121,tbi_moderate,0,test
LZTBI-0122,tbi_moderate,0,train
LZTBI-0123,tbi_moderate,0,test
LZTBI-0124,tbi_low,0,train
LZTBI-0125,tbi_high,1,train
LZTBI-0126,tbi_high,0,train
LZTBI-0127,tbi_low,0,train
LZTBI-0128,tbi_moderate,1,train
LZTBI-0129,tbi_low,0,train
LZTBI-0130,sham,0,test
LZTBI-0131,sham,0,train
LZTBI-0132,tbi_high,1,train
LZTBI-0133,tbi_high,1,train
LZTBI-0134,tbi_high,1,train
LZTBI-0135,tbi_low,1,train
LZTBI-0136,sham,0,train
LZTBI-0137,tbi_low,0,train
LZTBI-0138,tbi_high,0,train
LZTBI-0139,tbi_moderate,0,train
LZTBI-0140,tbi_moderate,0,train
LZTBI-0141,tbi_low,0,train
LZTBI-0142,tbi_low,0,train
LZTBI-0143,tbi_high,0,train
LZTBI-0144,sham,0,test
LZTBI-0145,sham,0,train
LZTBI-0146,tbi_high,0,test
LZTBI-0147,tbi_low,0,train
LZTBI-0148,tbi_high,1,test
LZTBI-0149,tbi_moderate,0,train
LZTBI-0150,tbi_high,1,train
LZTBI-0151,tbi_high,1,test
LZTBI-0152,tbi_moderate,0,test
LZTBI-0153,tbi_moderate,0,train
LZTBI-0154,tbi_moderate,0,test
LZTBI-0155,sham,0,train
LZTBI-0156,tbi_high,0,train
LZTBI-0157,sham,1,train
LZTBI-0158,tbi_low,0,test
LZTBI-0159,tbi_moderate,0,test
LZTBI-0160,tbi_low,1,train
LZTBI-0161,tbi_low,0,test
LZTBI-0162,tbi_low,0,train
LZTBI-0163,tbi_high,0,test
LZTBI-0164,sham,0,train
LZTBI-0165,tbi_high,1,train
LZTBI-0166,sham,0,train
LZTBI-0167,sham,0,test
LZTBI-0168,tbi_low,0,test
LZTBI-0169,tbi_high,0,train
LZTBI-0170,tbi_moderate,0,test
LZTBI-0171,tbi_high,0,train
LZTBI-0172,tbi_high,0,train
LZTBI-0173,tbi_low,0,train
LZTBI-0174,tbi_moderate,1,train
LZTBI-0175,sham,0,train
LZTBI-0176,tbi_moderate,0,train
LZTBI-0177,tbi_high,0,train
LZTBI-0178,tbi_low,0,train
LZTBI-0179,tbi_high,0,train
LZTBI-0180,tbi_moderate,1,train
LZTBI-0181,sham,0,test
LZTBI-0182,tbi_high,0,train
LZTBI-0183,tbi_moderate,0,train
LZTBI-0184,tbi_low,0,train
LZTBI-0185,tbi_low,0,train
LZTBI-0186,tbi_low,0,train
LZTBI-0187,tbi_low,0,train
LZTBI-0188,tbi_low,0,test
LZTBI-0189,tbi_moderate,0,test
LZTBI-0190,sham,0,train
LZTBI-0191,tbi_low,0,test
LZTBI-0192,tbi_low,0,test
LZTBI-0193,tbi_low,0,train
LZTBI-0194,tbi_high,0,test
LZTBI-0195,sham,1,test
LZTBI-0196,tbi_moderate,1,train
LZTBI-0197,tbi_moderate,1,train
LZTBI-0198,sham,0,train
LZTBI-0199,tbi_moderate,1,test
LZTBI-0200,sham,0,train
LZTBI-0201,sham,0,train
LZTBI-0202,tbi_moderate,0,train
LZTBI-0203,tbi_low,0,test
LZTBI-0204,tbi_low,0,train
LZTBI-0205,tbi_low,0,train
LZTBI-0206,sham,0,test
LZTBI-0207,sham,0,train
LZTBI-0208,tbi_moderate,0,train
LZTBI-0209,tbi_high,1,train
LZTBI-0210,tbi_high,1,train
LZTBI-0211,sham,0,train
LZTBI-0212,tbi_moderate,1,train
LZTBI-0213,sham,0,train
LZTBI-0214,tbi_high,1,train
LZTBI-0215,tbi_high,1,train
LZTBI-0216,tbi_high,1,train
LZTBI-0217,tbi_moderate,0,train
LZTBI-0218,tbi_moderate,0,test
LZTBI-0219,tbi_high,0,train
LZTBI-0220,tbi_moderate,0,train
LZTBI-0221,tbi_moderate,0,test
LZTBI-0222,tbi_high,1,train
LZTBI-0223,tbi_low,1,test
LZTBI-0224,sham,0,train
LZTBI-0225,sham,0,test
LZTBI-0226,sham,0,train
LZTBI-0227,tbi_moderate,0,train
LZTBI-0228,tbi_low,0,test
LZTBI-0229,tbi_low,0,test
LZTBI-0230,sham,0,test
LZTBI-0231,tbi_high,1,train
LZTBI-0232,tbi_low,0,train
LZTBI-0233,sham,0,train
LZTBI-0234,tbi_moderate,0,train
LZTBI-0235,sham,0,test
LZTBI-0236,tbi_high,0,train
LZTBI-0237,tbi_moderate,0,train
LZTBI-0238,tbi_high,0,train
LZTBI-0239,tbi_high,0,train
LZTBI-0240,tbi_moderate,1,train
