fish_id,group,batch,clutch_id,plate_id,n_weight_drops,measured_peak_pressure_kpa,cumulative_pressure_burden_kpa_hits,last_observed_dpf,n_lfp_sessions,became_epileptic,first_seizure_hours,high_burden_state_dpf6_TRUTH,survived_to_6dpf,max_manual_baraban_stage_observed,is_synthetic
LZTBI-0001,sham,1,CL01,P01,0,0.0,0.0,6,3,0,,0,True,1,False
LZTBI-0002,tbi_moderate,1,CL01,P01,1,201.6,201.6,6,3,0,,0,True,0,False
LZTBI-0003,tbi_high,1,CL01,P01,1,333.7,333.7,6,3,1,,1,True,3,False
LZTBI-0004,tbi_moderate,1,CL01,P01,1,201.6,201.6,4,1,0,,0,False,1,False
LZTBI-0005,tbi_low,1,CL01,P01,1,117.09999999999998,117.1,6,3,0,,0,True,0,False
LZTBI-0006,sham,1,CL01,P01,0,0.0,0.0,6,3,0,,0,True,0,False
LZTBI-0007,tbi_moderate,1,CL01,P01,1,201.6,201.6,6,3,0,,0,True,0,False
LZTBI-0008,tbi_low,1,CL01,P01,1,117.09999999999998,117.1,6,3,0,,0,True,1,False
LZTBI-0009,tbi_high,1,CL01,P01,1,333.7,333.7,6,3,1,,1,True,3,False
LZTBI-0010,sham,1,CL01,P01,0,0.0,0.0,6,3,0,,0,True,0,False
LZTBI-0011,tbi_high,1,CL01,P01,1,333.7,333.7,6,3,1,,1,True,3,False
LZTBI-0012,sham,1,CL01,P01,0,0.0,0.0,6,3,0,,0,True,0,False
LZTBI-0013,sham,1,CL01,P01,0,0.0,0.0,6,3,0,,0,True,1,False
LZTBI-0014,tbi_moderate,1,CL01,P01,1,201.6,201.6,6,3,1,,0,True,3,False
LZTBI-0015,tbi_moderate,1,CL01,P01,1,201.6,201.6,6,3,1,,0,True,3,False
LZTBI-0016,tbi_moderate,1,CL01,P01,1,201.6,201.6,6,3,1,,1,True,2,False
LZTBI-0017,tbi_high,1,CL01,P01,1,333.7,333.7,6,3,1,,1,True,3,False
LZTBI-0018,tbi_moderate,1,CL01,P01,1,201.6,201.6,5,2,0,,0,False,1,False
LZTBI-0019,tbi_low,1,CL01,P01,1,117.09999999999998,117.1,6,3,0,,0,True,0,False
LZTBI-0020,tbi_high,1,CL01,P01,1,333.7,333.7,6,3,0,,0,True,1,False
LZTBI-0021,tbi_low,1,CL01,P01,1,117.1,117.1,5,2,0,,0,False,0,False
LZTBI-0022,tbi_low,1,CL01,P01,1,117.09999999999998,117.1,6,3,0,,0,True,1,False
LZTBI-0023,tbi_moderate,1,CL01,P01,1,201.6,201.6,6,3,0,,0,True,2,False
LZTBI-0024,tbi_high,1,CL01,P01,1,333.7,333.7,6,3,1,,1,True,3,False
LZTBI-0025,tbi_moderate,1,CL01,P01,1,201.6,201.6,6,3,1,,1,True,3,False
LZTBI-0026,tbi_moderate,1,CL01,P01,1,201.6,201.6,5,2,0,,0,False,1,False
LZTBI-0027,tbi_high,1,CL01,P01,1,333.7,333.7,6,3,1,,1,True,3,False
LZTBI-0028,tbi_low,1,CL01,P01,1,117.09999999999998,117.1,6,3,0,,0,True,2,False
LZTBI-0029,tbi_low,1,CL01,P01,1,117.09999999999998,117.1,6,3,0,,0,True,1,False
LZTBI-0030,sham,1,CL01,P01,0,0.0,0.0,6,3,0,,0,True,0,False
LZTBI-0031,tbi_moderate,1,CL01,P01,1,201.6,201.6,5,2,0,,0,False,1,False
LZTBI-0032,sham,1,CL01,P01,0,0.0,0.0,6,3,0,,0,True,0,False
LZTBI-0033,tbi_moderate,1,CL01,P01,1,201.6,201.6,6,3,0,,0,True,2,False
LZTBI-0034,tbi_moderate,1,CL01,P01,1,201.6,201.6,6,3,0,,0,True,1,False
LZTBI-0035,sham,1,CL01,P01,0,0.0,0.0,6,3,0,,0,True,1,False
LZTBI-0036,sham,1,CL01,P01,0,0.0,0.0,6,3,0,,0,True,1,False
LZTBI-0037,tbi_low,1,CL01,P01,1,117.09999999999998,117.1,6,3,0,,0,True,0,False
LZTBI-0038,tbi_low,1,CL01,P01,1,117.09999999999998,117.1,6,3,0,,0,True,0,False
LZTBI-0039,sham,1,CL01,P01,0,0.0,0.0,6,3,0,,0,True,0,False
LZTBI-0040,tbi_low,1,CL01,P01,1,117.09999999999998,117.1,6,3,0,,0,True,0,False
LZTBI-0041,tbi_high,1,CL02,P01,1,333.7,333.7,6,3,1,,1,True,3,False
LZTBI-0042,tbi_high,1,CL02,P01,1,333.7,333.7,6,3,1,,1,True,3,False
LZTBI-0043,tbi_high,1,CL02,P01,1,333.7,333.7,6,3,0,,0,True,0,False
LZTBI-0044,tbi_low,1,CL02,P01,1,117.09999999999998,117.1,6,3,0,,0,True,0,False
LZTBI-0045,tbi_moderate,1,CL02,P01,1,201.6,201.6,6,3,0,,0,True,1,False
LZTBI-0046,tbi_low,1,CL02,P01,1,117.09999999999998,117.1,6,3,0,,0,True,0,False
LZTBI-0047,tbi_high,1,CL02,P01,1,333.7,333.7,6,3,1,,1,True,3,False
LZTBI-0048,tbi_high,1,CL02,P01,1,333.7,333.7,6,3,0,,0,True,1,False
LZTBI-0049,tbi_low,1,CL02,P01,1,117.09999999999998,117.1,6,3,0,,0,True,0,False
LZTBI-0050,tbi_moderate,1,CL02,P01,1,201.6,201.6,5,2,1,,1,False,3,False
LZTBI-0051,sham,1,CL02,P01,0,0.0,0.0,6,3,1,,1,True,2,False
LZTBI-0052,tbi_low,1,CL02,P01,1,117.09999999999998,117.1,6,3,1,,1,True,2,False
LZTBI-0053,tbi_high,1,CL02,P01,1,333.7,333.7,6,3,1,,1,True,3,False
LZTBI-0054,tbi_moderate,1,CL02,P01,1,201.6,201.6,6,3,1,,1,True,2,False
LZTBI-0055,tbi_low,1,CL02,P01,1,117.09999999999998,117.1,6,3,0,,0,True,0,False
LZTBI-0056,tbi_moderate,1,CL02,P01,1,201.6,201.6,6,3,1,,0,True,3,False
LZTBI-0057,tbi_high,1,CL02,P01,1,333.7,333.7,6,3,1,,1,True,3,False
LZTBI-0058,sham,1,CL02,P01,0,0.0,0.0,6,3,0,,0,True,1,False
LZTBI-0059,sham,1,CL02,P01,0,0.0,0.0,6,3,0,,0,True,1,False
LZTBI-0060,tbi_moderate,1,CL02,P01,1,201.6,201.6,6,3,0,,0,True,1,False
LZTBI-0061,tbi_high,1,CL02,P01,1,333.7,333.7,6,3,0,,0,True,1,False
LZTBI-0062,tbi_low,1,CL02,P01,1,117.09999999999998,117.1,6,3,0,,0,True,0,False
LZTBI-0063,sham,1,CL02,P01,0,0.0,0.0,5,2,0,,0,False,0,False
LZTBI-0064,sham,1,CL02,P01,0,0.0,0.0,6,3,0,,0,True,1,False
LZTBI-0065,sham,1,CL02,P01,0,0.0,0.0,6,3,0,,0,True,0,False
LZTBI-0066,tbi_high,1,CL02,P01,1,333.7,333.7,6,3,0,,0,True,1,False
LZTBI-0067,tbi_moderate,1,CL02,P01,1,201.6,201.6,6,3,0,,0,True,1,False
LZTBI-0068,sham,1,CL02,P01,0,0.0,0.0,6,3,0,,0,True,1,False
LZTBI-0069,tbi_high,1,CL02,P01,1,333.7,333.7,6,3,1,,1,True,3,False
LZTBI-0070,tbi_high,1,CL02,P01,1,333.7,333.7,6,3,0,,0,True,1,False
LZTBI-0071,sham,1,CL02,P01,0,0.0,0.0,6,3,0,,0,True,0,False
LZTBI-0072,sham,1,CL02,P01,0,0.0,0.0,6,3,0,,0,True,1,False
LZTBI-0073,tbi_low,1,CL02,P01,1,117.09999999999998,117.1,6,3,0,,0,True,0,False
LZTBI-0074,tbi_low,1,CL02,P01,1,117.09999999999998,117.1,6,3,0,,0,True,1,False
LZTBI-0075,sham,1,CL02,P01,0,0.0,0.0,6,3,0,,0,True,0,False
LZTBI-0076,tbi_high,1,CL02,P01,1,333.7,333.7,6,3,1,,1,True,3,False
LZTBI-0077,tbi_moderate,1,CL02,P01,1,201.6,201.6,6,3,1,,1,True,3,False
LZTBI-0078,tbi_high,1,CL02,P01,1,333.7,333.7,6,3,0,,0,True,0,False
LZTBI-0079,tbi_low,1,CL02,P01,1,117.09999999999998,117.1,6,3,0,,0,True,0,False
LZTBI-0080,tbi_low,1,CL02,P01,1,117.09999999999998,117.1,6,3,0,,0,True,1,False
LZTBI-0081,sham,2,CL03,P02,0,0.0,0.0,6,3,0,,0,True,0,False
LZTBI-0082,tbi_high,2,CL03,P02,1,313.9,313.9,6,3,0,,0,True,1,False
LZTBI-0083,tbi_low,2,CL03,P02,1,114.0,114.0,6,3,0,,0,True,0,False
LZTBI-0084,tbi_high,2,CL03,P02,1,313.9,313.9,6,3,0,,0,True,1,False
LZTBI-0085,tbi_low,2,CL03,P02,1,114.0,114.0,6,3,0,,0,True,2,False
LZTBI-0086,tbi_moderate,2,CL03,P02,1,214.9,214.9,6,3,1,,1,True,3,False
LZTBI-0087,tbi_low,2,CL03,P02,1,114.0,114.0,6,3,0,,0,True,0,False
LZTBI-0088,tbi_high,2,CL03,P02,1,313.9,313.9,6,3,1,,1,True,3,False
LZTBI-0089,tbi_moderate,2,CL03,P02,1,214.9,214.9,6,3,1,,1,True,3,False
LZTBI-0090,tbi_low,2,CL03,P02,1,114.0,114.0,6,3,0,,0,True,1,False
LZTBI-0091,tbi_high,2,CL03,P02,1,313.9,313.9,6,3,1,,1,True,3,False
LZTBI-0092,sham,2,CL03,P02,0,0.0,0.0,6,3,0,,0,True,0,False
LZTBI-0093,tbi_high,2,CL03,P02,1,313.9,313.9,6,3,1,,1,True,2,False
LZTBI-0094,tbi_high,2,CL03,P02,1,313.9,313.9,6,3,1,,1,True,3,False
LZTBI-0095,tbi_moderate,2,CL03,P02,1,214.9,214.9,6,3,1,,1,True,3,False
LZTBI-0096,tbi_low,2,CL03,P02,1,114.0,114.0,6,3,0,,0,True,0,False
LZTBI-0097,tbi_moderate,2,CL03,P02,1,214.9,214.9,6,3,0,,0,True,1,False
LZTBI-0098,sham,2,CL03,P02,0,0.0,0.0,6,3,0,,0,True,0,False
LZTBI-0099,tbi_low,2,CL03,P02,1,114.0,114.0,6,3,0,,0,True,0,False
LZTBI-0100,tbi_moderate,2,CL03,P02,1,214.9,214.9,4,1,0,,0,False,1,False
LZTBI-0101,tbi_high,2,CL03,P02,1,313.9,313.9,6,3,1,,1,True,3,False
LZTBI-0102,tbi_low,2,CL03,P02,1,114.0,114.0,6,3,0,,0,True,0,False
LZTBI-0103,sham,2,CL03,P02,0,0.0,0.0,6,3,0,,0,True,2,False
LZTBI-0104,sham,2,CL03,P02,0,0.0,0.0,6,3,0,,0,True,1,False
LZTBI-0105,tbi_low,2,CL03,P02,1,114.0,114.0,6,3,1,,1,True,3,False
LZTBI-0106,sham,2,CL03,P02,0,0.0,0.0,6,3,0,,0,True,0,False
LZTBI-0107,sham,2,CL03,P02,0,0.0,0.0,6,3,0,,0,True,1,False
LZTBI-0108,tbi_low,2,CL03,P02,1,114.0,114.0,6,3,0,,0,True,2,False
LZTBI-0109,tbi_low,2,CL03,P02,1,114.0,114.0,6,3,0,,0,True,1,False
LZTBI-0110,tbi_moderate,2,CL03,P02,1,214.9,214.9,6,3,0,,0,True,2,False
LZTBI-0111,tbi_moderate,2,CL03,P02,1,214.9,214.9,6,3,0,,0,True,0,False
LZTBI-0112,sham,2,CL03,P02,0,0.0,0.0,6,3,0,,0,True,1,False
LZTBI-0113,tbi_high,2,CL03,P02,1,313.9,313.9,6,3,0,,0,True,1,False
LZTBI-0114,tbi_moderate,2,CL03,P02,1,214.9,214.9,6,3,1,,1,True,3,False
LZTBI-0115,sham,2,CL03,P02,0,0.0,0.0,6,3,1,,1,True,2,False
LZTBI-0116,sham,2,CL03,P02,0,0.0,0.0,5,2,0,,0,False,0,False
LZTBI-0117,tbi_moderate,2,CL03,P02,1,214.9,214.9,6,3,1,,1,True,3,False
LZTBI-0118,sham,2,CL03,P02,0,0.0,0.0,6,3,0,,0,True,1,False
LZTBI-0119,sham,2,CL03,P02,0,0.0,0.0,6,3,0,,0,True,2,False
LZTBI-0120,sham,2,CL03,P02,0,0.0,0.0,6,3,0,,0,True,0,False
LZTBI-0121,tbi_moderate,2,CL04,P02,1,214.9,214.9,6,3,0,,0,True,1,False
LZTBI-0122,tbi_moderate,2,CL04,P02,1,214.9,214.9,6,3,0,,0,True,1,False
LZTBI-0123,tbi_moderate,2,CL04,P02,1,214.9,214.9,6,3,0,,0,True,1,False
LZTBI-0124,tbi_low,2,CL04,P02,1,114.0,114.0,6,3,0,,0,True,0,False
LZTBI-0125,tbi_high,2,CL04,P02,1,313.9,313.9,6,3,1,,1,True,3,False
LZTBI-0126,tbi_high,2,CL04,P02,1,313.9,313.9,6,3,0,,0,True,1,False
LZTBI-0127,tbi_low,2,CL04,P02,1,114.0,114.0,6,3,0,,0,True,1,False
LZTBI-0128,tbi_moderate,2,CL04,P02,1,214.9,214.9,6,3,1,,1,True,3,False
LZTBI-0129,tbi_low,2,CL04,P02,1,114.0,114.0,6,3,0,,0,True,2,False
LZTBI-0130,sham,2,CL04,P02,0,0.0,0.0,6,3,0,,0,True,0,False
LZTBI-0131,sham,2,CL04,P02,0,0.0,0.0,6,3,0,,0,True,0,False
LZTBI-0132,tbi_high,2,CL04,P02,1,313.9,313.9,6,3,1,,1,True,3,False
LZTBI-0133,tbi_high,2,CL04,P02,1,313.9,313.9,6,3,1,,1,True,3,False
LZTBI-0134,tbi_high,2,CL04,P02,1,313.9,313.9,6,3,1,,1,True,3,False
LZTBI-0135,tbi_low,2,CL04,P02,1,114.0,114.0,6,3,1,,1,True,2,False
LZTBI-0136,sham,2,CL04,P02,0,0.0,0.0,6,3,0,,0,True,0,False
LZTBI-0137,tbi_low,2,CL04,P02,1,114.0,114.0,6,3,0,,0,True,0,False
LZTBI-0138,tbi_high,2,CL04,P02,1,313.9,313.9,6,3,0,,0,True,1,False
LZTBI-0139,tbi_moderate,2,CL04,P02,1,214.9,214.9,6,3,0,,0,True,1,False
LZTBI-0140,tbi_moderate,2,CL04,P02,1,214.9,214.9,6,3,0,,0,True,1,False
LZTBI-0141,tbi_low,2,CL04,P02,1,114.0,114.0,6,3,0,,0,True,1,False
LZTBI-0142,tbi_low,2,CL04,P02,1,114.0,114.0,6,3,0,,0,True,1,False
LZTBI-0143,tbi_high,2,CL04,P02,1,313.9,313.9,6,3,0,,0,True,1,False
LZTBI-0144,sham,2,CL04,P02,0,0.0,0.0,6,3,0,,0,True,0,False
LZTBI-0145,sham,2,CL04,P02,0,0.0,0.0,6,3,0,,0,True,1,False
LZTBI-0146,tbi_high,2,CL04,P02,1,313.9,313.9,6,3,0,,0,True,0,False
LZTBI-0147,tbi_low,2,CL04,P02,1,114.0,114.0,5,2,0,,0,False,0,False
LZTBI-0148,tbi_high,2,CL04,P02,1,313.9,313.9,6,3,1,,1,True,3,False
LZTBI-0149,tbi_moderate,2,CL04,P02,1,214.9,214.9,6,3,0,,0,True,1,False
LZTBI-0150,tbi_high,2,CL04,P02,1,313.9,313.9,6,3,1,,1,True,3,False
LZTBI-0151,tbi_high,2,CL04,P02,1,313.9,313.9,6,3,1,,1,True,2,False
LZTBI-0152,tbi_moderate,2,CL04,P02,1,214.9,214.9,6,3,0,,0,True,0,False
LZTBI-0153,tbi_moderate,2,CL04,P02,1,214.9,214.9,6,3,0,,0,True,0,False
LZTBI-0154,tbi_moderate,2,CL04,P02,1,214.9,214.9,6,3,0,,0,True,0,False
LZTBI-0155,sham,2,CL04,P02,0,0.0,0.0,6,3,0,,0,True,0,False
LZTBI-0156,tbi_high,2,CL04,P02,1,313.9,313.9,6,3,1,,0,True,3,False
LZTBI-0157,sham,2,CL04,P02,0,0.0,0.0,6,3,1,,1,True,3,False
LZTBI-0158,tbi_low,2,CL04,P02,1,114.0,114.0,6,3,0,,0,True,1,False
LZTBI-0159,tbi_moderate,2,CL04,P02,1,214.9,214.9,6,3,0,,0,True,1,False
LZTBI-0160,tbi_low,2,CL04,P02,1,114.0,114.0,6,3,1,,1,True,3,False
LZTBI-0161,tbi_low,3,CL05,P03,1,114.7,114.7,6,3,0,,0,True,1,False
LZTBI-0162,tbi_low,3,CL05,P03,1,114.7,114.7,6,3,0,,0,True,1,False
LZTBI-0163,tbi_high,3,CL05,P03,1,309.6,309.6,6,3,0,,0,True,0,False
LZTBI-0164,sham,3,CL05,P03,0,0.0,0.0,6,3,0,,0,True,1,False
LZTBI-0165,tbi_high,3,CL05,P03,1,309.6,309.6,6,3,1,,1,True,3,False
LZTBI-0166,sham,3,CL05,P03,0,0.0,0.0,6,3,0,,0,True,0,False
LZTBI-0167,sham,3,CL05,P03,0,0.0,0.0,6,3,0,,0,True,0,False
LZTBI-0168,tbi_low,3,CL05,P03,1,114.7,114.7,6,3,0,,0,True,0,False
LZTBI-0169,tbi_high,3,CL05,P03,1,309.6,309.6,6,3,0,,0,True,1,False
LZTBI-0170,tbi_moderate,3,CL05,P03,1,212.9,212.9,6,3,0,,0,True,1,False
LZTBI-0171,tbi_high,3,CL05,P03,1,309.6,309.6,6,3,0,,0,True,0,False
LZTBI-0172,tbi_high,3,CL05,P03,1,309.6,309.6,6,3,0,,0,True,0,False
LZTBI-0173,tbi_low,3,CL05,P03,1,114.7,114.7,6,3,0,,0,True,1,False
LZTBI-0174,tbi_moderate,3,CL05,P03,1,212.9,212.9,6,3,1,,1,True,3,False
LZTBI-0175,sham,3,CL05,P03,0,0.0,0.0,6,3,0,,0,True,0,False
LZTBI-0176,tbi_moderate,3,CL05,P03,1,212.9,212.9,6,3,1,,0,True,2,False
LZTBI-0177,tbi_high,3,CL05,P03,1,309.6,309.6,6,3,0,,0,True,0,False
LZTBI-0178,tbi_low,3,CL05,P03,1,114.7,114.7,6,3,1,,0,True,2,False
LZTBI-0179,tbi_high,3,CL05,P03,1,309.6,309.6,6,3,1,,0,True,3,False
LZTBI-0180,tbi_moderate,3,CL05,P03,1,212.9,212.9,6,3,1,,1,True,3,False
LZTBI-0181,sham,3,CL05,P03,0,0.0,0.0,6,3,0,,0,True,0,False
LZTBI-0182,tbi_high,3,CL05,P03,1,309.6,309.6,6,3,0,,0,True,1,False
LZTBI-0183,tbi_moderate,3,CL05,P03,1,212.9,212.9,6,3,0,,0,True,1,False
LZTBI-0184,tbi_low,3,CL05,P03,1,114.7,114.7,6,3,0,,0,True,2,False
LZTBI-0185,tbi_low,3,CL05,P03,1,114.7,114.7,6,3,0,,0,True,0,False
LZTBI-0186,tbi_low,3,CL05,P03,1,114.7,114.7,6,3,0,,0,True,1,False
LZTBI-0187,tbi_low,3,CL05,P03,1,114.7,114.7,5,2,0,,0,False,2,False
LZTBI-0188,tbi_low,3,CL05,P03,1,114.7,114.7,6,3,0,,0,True,1,False
LZTBI-0189,tbi_moderate,3,CL05,P03,1,212.9,212.9,6,3,0,,0,True,2,False
LZTBI-0190,sham,3,CL05,P03,0,0.0,0.0,6,3,0,,0,True,0,False
LZTBI-0191,tbi_low,3,CL05,P03,1,114.7,114.7,6,3,0,,0,True,1,False
LZTBI-0192,tbi_low,3,CL05,P03,1,114.7,114.7,6,3,0,,0,True,1,False
LZTBI-0193,tbi_low,3,CL05,P03,1,114.7,114.7,6,3,0,,0,True,0,False
LZTBI-0194,tbi_high,3,CL05,P03,1,309.6,309.6,5,2,1,,0,False,2,False
LZTBI-0195,sham,3,CL05,P03,0,0.0,0.0,6,3,1,,1,True,2,False
LZTBI-0196,tbi_moderate,3,CL05,P03,1,212.9,212.9,6,3,1,,1,True,3,False
LZTBI-0197,tbi_moderate,3,CL05,P03,1,212.9,212.9,6,3,1,,1,True,3,False
LZTBI-0198,sham,3,CL05,P03,0,0.0,0.0,6,3,0,,0,True,0,False
LZTBI-0199,tbi_moderate,3,CL05,P03,1,212.9,212.9,6,3,1,,1,True,3,False
LZTBI-0200,sham,3,CL05,P03,0,0.0,0.0,6,3,0,,0,True,0,False
LZTBI-0201,sham,3,CL06,P03,0,0.0,0.0,6,3,0,,0,True,0,False
LZTBI-0202,tbi_moderate,3,CL06,P03,1,212.9,212.9,6,3,0,,0,True,0,False
LZTBI-0203,tbi_low,3,CL06,P03,1,114.7,114.7,6,3,0,,0,True,1,False
LZTBI-0204,tbi_low,3,CL06,P03,1,114.7,114.7,6,3,0,,0,True,1,False
LZTBI-0205,tbi_low,3,CL06,P03,1,114.7,114.7,6,3,0,,0,True,0,False
LZTBI-0206,sham,3,CL06,P03,0,0.0,0.0,6,3,0,,0,True,0,False
LZTBI-0207,sham,3,CL06,P03,0,0.0,0.0,6,3,0,,0,True,2,False
LZTBI-0208,tbi_moderate,3,CL06,P03,1,212.9,212.9,6,3,0,,0,True,1,False
LZTBI-0209,tbi_high,3,CL06,P03,1,309.6,309.6,6,3,1,,1,True,3,False
LZTBI-0210,tbi_high,3,CL06,P03,1,309.6,309.6,6,3,1,,1,True,3,False
LZTBI-0211,sham,3,CL06,P03,0,0.0,0.0,6,3,0,,0,True,1,False
LZTBI-0212,tbi_moderate,3,CL06,P03,1,212.9,212.9,6,3,1,,1,True,2,False
LZTBI-0213,sham,3,CL06,P03,0,0.0,0.0,6,3,0,,0,True,1,False
LZTBI-0214,tbi_high,3,CL06,P03,1,309.6,309.6,6,3,1,,1,True,3,False
LZTBI-0215,tbi_high,3,CL06,P03,1,309.6,309.6,6,3,1,,1,True,3,False
LZTBI-0216,tbi_high,3,CL06,P03,1,309.6,309.6,6,3,1,,1,True,3,False
LZTBI-0217,tbi_moderate,3,CL06,P03,1,212.9,212.9,6,3,0,,0,True,0,False
LZTBI-0218,tbi_moderate,3,CL06,P03,1,212.9,212.9,6,3,0,,0,True,0,False
LZTBI-0219,tbi_high,3,CL06,P03,1,309.6,309.6,6,3,0,,0,True,0,False
LZTBI-0220,tbi_moderate,3,CL06,P03,1,212.9,212.9,6,3,0,,0,True,1,False
LZTBI-0221,tbi_moderate,3,CL06,P03,1,212.9,212.9,6,3,0,,0,True,1,False
LZTBI-0222,tbi_high,3,CL06,P03,1,309.6,309.6,6,3,1,,1,True,3,False
LZTBI-0223,tbi_low,3,CL06,P03,1,114.7,114.7,6,3,1,,1,True,3,False
LZTBI-0224,sham,3,CL06,P03,0,0.0,0.0,6,3,0,,0,True,0,False
LZTBI-0225,sham,3,CL06,P03,0,0.0,0.0,6,3,0,,0,True,1,False
LZTBI-0226,sham,3,CL06,P03,0,0.0,0.0,6,3,0,,0,True,1,False
LZTBI-0227,tbi_moderate,3,CL06,P03,1,212.9,212.9,6,3,0,,0,True,1,False
LZTBI-0228,tbi_low,3,CL06,P03,1,114.7,114.7,6,3,0,,0,True,1,False
LZTBI-0229,tbi_low,3,CL06,P03,1,114.7,114.7,6,3,0,,0,True,1,False
LZTBI-0230,sham,3,CL06,P03,0,0.0,0.0,6,3,0,,0,True,0,False
LZTBI-0231,tbi_high,3,CL06,P03,1,309.6,309.6,6,3,1,,1,True,3,False
LZTBI-0232,tbi_low,3,CL06,P03,1,114.7,114.7,6,3,0,,0,True,0,False
LZTBI-0233,sham,3,CL06,P03,0,0.0,0.0,6,3,0,,0,True,0,False
LZTBI-0234,tbi_moderate,3,CL06,P03,1,212.9,212.9,6,3,0,,0,True,1,False
LZTBI-0235,sham,3,CL06,P03,0,0.0,0.0,6,3,0,,0,True,0,False
LZTBI-0236,tbi_high,3,CL06,P03,1,309.6,309.6,6,3,0,,0,True,1,False
LZTBI-0237,tbi_moderate,3,CL06,P03,1,212.9,212.9,6,3,0,,0,True,1,False
LZTBI-0238,tbi_high,3,CL06,P03,1,309.6,309.6,6,3,0,,0,True,2,False
LZTBI-0239,tbi_high,3,CL06,P03,1,309.6,309.6,6,3,0,,0,True,1,False
LZTBI-0240,tbi_moderate,3,CL06,P03,1,212.9,212.9,6,3,1,,1,True,3,False
